Hash,From,To,Value,GasLimit,MaxFeePerGas,MaxPriorityFeePerGas,Nonce,ChainId,Type
0x868782085d0aae9a5c42bb4869c5b0c7560c236306d15a5a76c016c9c1f2fd23,0x16E8923c8aC2939b8532E74bbdC09Cf0B6FE283A,0xB0fA65Bf13df3DDDCf721008D5838D568f1c99A5,0,106202,681500000000,1500000000,187,296,2
0x507a261ffe8807f17f82be74607bc52f235a2bbd1075f455292968d0353bcbec,0x16E8923c8aC2939b8532E74bbdC09Cf0B6FE283A,0xB0fA65Bf13df3DDDCf721008D5838D568f1c99A5,0,106202,681500000000,1500000000,189,296,2
0x05df83cf7ebc714669c432c45ca2b0d6539daf9de29a182276dd961a2c8b9173,0x16E8923c8aC2939b8532E74bbdC09Cf0B6FE283A,0x89C354889fd2E0526a5C0C27d02DB2CC50B9cc26,0,28541,681500000000,1500000000,190,296,2
0x45261a2d53365168e92af28c1dc23f18aea597e6de601c100ddc6e80fec6794c,0x16E8923c8aC2939b8532E74bbdC09Cf0B6FE283A,0x89C354889fd2E0526a5C0C27d02DB2CC50B9cc26,0,42887,681500000000,1500000000,191,296,2
0x9b03b285090db6a9cc0bfaa120bb45e79f44336c72a3bb73d3732338482342d5,0x16E8923c8aC2939b8532E74bbdC09Cf0B6FE283A,0x82dd24a6Ef9D066F547823BfECdC6F80a524AfC4,0,102146,681500000000,1500000000,192,296,2
0x0b6d18c04271bc803f3886780c50c833645711e79f55fa88c66c195a90dfc22a,0x16E8923c8aC2939b8532E74bbdC09Cf0B6FE283A,0x82dd24a6Ef9D066F547823BfECdC6F80a524AfC4,0,35219,681500000000,1500000000,193,296,2
0x2011343d7545c6c8f3d7bc3dda8342f1ca04fb73ef74afea506a06d267280435,0x16E8923c8aC2939b8532E74bbdC09Cf0B6FE283A,0x82dd24a6Ef9D066F547823BfECdC6F80a524AfC4,0,27817,681500000000,1500000000,194,296,2
0xfb99b98bbfae06b12ccf6dc88cc0a88706f27d296b984603d7e667fd2ecf8bac,0x16E8923c8aC2939b8532E74bbdC09Cf0B6FE283A,0x82dd24a6Ef9D066F547823BfECdC6F80a524AfC4,0,27817,681500000000,1500000000,195,296,2
0x417b1057c19ac563c84f491ef498374699f8c9775bc46d19712a7e3ffb0a84b7,0x16E8923c8aC2939b8532E74bbdC09Cf0B6FE283A,0x05EC42a524A996cD039b771aA7307967a817b4f3,0,86552,681500000000,1500000000,196,296,2
0x237df7dfce71ecd748d0081e0b5095b715971cb9528212f7b78307149bb261c0,0x16E8923c8aC2939b8532E74bbdC09Cf0B6FE283A,0x05EC42a524A996cD039b771aA7307967a817b4f3,0,52831,681500000000,1500000000,197,296,2
0xb108d54fd758ffbe6d69339786ae52e38d888df953ca18e28781b0622f442ffc,0x16E8923c8aC2939b8532E74bbdC09Cf0B6FE283A,0xB0fA65Bf13df3DDDCf721008D5838D568f1c99A5,0,106142,681500000000,1500000000,198,296,2
0x2b83217843d6dbe2d6e78aa5883e03888f1508e7775f4d1cf821bac279ae34b1,0x16E8923c8aC2939b8532E74bbdC09Cf0B6FE283A,0xB0fA65Bf13df3DDDCf721008D5838D568f1c99A5,0,106142,681500000000,1500000000,199,296,2
0xf30624d4b5211e7ade30ded576b966cf3a85a1487443e716003ab8ef43a6122a,0x16E8923c8aC2939b8532E74bbdC09Cf0B6FE283A,0xB0fA65Bf13df3DDDCf721008D5838D568f1c99A5,0,123234,681500000000,1500000000,200,296,2
0x41e136121f1acbdc76853118b800261ec706c786305882e23f9a219b5f441f08,0x16E8923c8aC2939b8532E74bbdC09Cf0B6FE283A,0xB0fA65Bf13df3DDDCf721008D5838D568f1c99A5,0,106118,681500000000,1500000000,201,296,2
0x41e136121f1acbdc76853118b800261ec706c786305882e23f9a219b5f441f08,0x16E8923c8aC2939b8532E74bbdC09Cf0B6FE283A,0xB0fA65Bf13df3DDDCf721008D5838D568f1c99A5,0,106118,681500000000,1500000000,201,296,2
0x2e779c4d54823493d8f581de6fc2bbaba48476e7800b1096b185ff9ce4c8cd82,0x16E8923c8aC2939b8532E74bbdC09Cf0B6FE283A,0xB0fA65Bf13df3DDDCf721008D5838D568f1c99A5,0,106106,681500000000,1500000000,202,296,2
0x65e73c9bf3ce9e98b44e64b8a68ee87298e156a2bb758b1a6c9c125f49361fb8,0x16E8923c8aC2939b8532E74bbdC09Cf0B6FE283A,0x89C354889fd2E0526a5C0C27d02DB2CC50B9cc26,0,80711,681500000000,1500000000,203,296,2
0x208f287b84690bfd7350e0880c163110b7aacdfe7b47b6947f03972d44746fe1,0x16E8923c8aC2939b8532E74bbdC09Cf0B6FE283A,0x89C354889fd2E0526a5C0C27d02DB2CC50B9cc26,0,42875,681500000000,1500000000,204,296,2
0xf2e636809e44f0cf0bb60ef4fceeb5624ed24d34215f5b76452d5079bccd055a,0x16E8923c8aC2939b8532E74bbdC09Cf0B6FE283A,0x89C354889fd2E0526a5C0C27d02DB2CC50B9cc26,0,31353,681500000000,1500000000,205,296,2
0xf9e40767d6fcaf2f18abc8fa44edbc01583c0293feb34a3c57cb92d13443470a,0x16E8923c8aC2939b8532E74bbdC09Cf0B6FE283A,0x89C354889fd2E0526a5C0C27d02DB2CC50B9cc26,0,31353,681500000000,1500000000,206,296,2
0xf238d4677f9512a1c2f31e36906a6b76f2bd02d1997c57e0677d79f38f361be9,0x16E8923c8aC2939b8532E74bbdC09Cf0B6FE283A,0xB0fA65Bf13df3DDDCf721008D5838D568f1c99A5,0,106106,681500000000,1500000000,207,296,2
