date,from_account_id,to_account_id,amount,transaction_id,transaction_type
12/16/2024,0.0.902,,-0.00035399,0.0.902-1734368964-589317086,ETHEREUMTRANSACTION
12/16/2024,0.0.5171756,,-0.00906000,0.0.902-1734368964-589317086,ETHEREUMTRANSACTION
12/16/2024,,0.0.3,+0.00001264,0.0.902-1734368964-589317086,ETHEREUMTRANSACTION
12/16/2024,,0.0.98,+0.00933309,0.0.902-1734368964-589317086,ETHEREUMTRANSACTION
12/16/2024,,0.0.800,+0.00003413,0.0.902-1734368964-589317086,ETHEREUMTRANSACTION
12/16/2024,,0.0.801,+0.00003413,0.0.902-1734368964-589317086,ETHEREUMTRANSACTION
12/16/2024,0.0.902,,-0.00035399,0.0.902-1734368971-032774666,ETHEREUMTRANSACTION
12/16/2024,0.0.5171756,,-0.00906000,0.0.902-1734368971-032774666,ETHEREUMTRANSACTION
12/16/2024,,0.0.5,+0.00001264,0.0.902-1734368971-032774666,ETHEREUMTRANSACTION
12/16/2024,,0.0.98,+0.00933309,0.0.902-1734368971-032774666,ETHEREUMTRANSACTION
12/16/2024,,0.0.800,+0.00003413,0.0.902-1734368971-032774666,ETHEREUMTRANSACTION
12/16/2024,,0.0.801,+0.00003413,0.0.902-1734368971-032774666,ETHEREUMTRANSACTION
12/17/2024,0.0.902,,-0.00036926,0.0.902-1734456147-782414696,ETHEREUMTRANSACTION
12/17/2024,0.0.5171756,,-0.02380170,0.0.902-1734456147-782414696,ETHEREUMTRANSACTION
12/17/2024,,0.0.8,+0.00001341,0.0.902-1734456147-782414696,ETHEREUMTRANSACTION
12/17/2024,,0.0.98,+0.02408639,0.0.902-1734456147-782414696,ETHEREUMTRANSACTION
12/17/2024,,0.0.800,+0.00003558,0.0.902-1734456147-782414696,ETHEREUMTRANSACTION
12/17/2024,,0.0.801,+0.00003558,0.0.902-1734456147-782414696,ETHEREUMTRANSACTION
12/17/2024,0.0.902,,-0.00036337,0.0.902-1734456183-688782934,ETHEREUMTRANSACTION
12/17/2024,0.0.5171756,,-0.01474350,0.0.902-1734456183-688782934,ETHEREUMTRANSACTION
12/17/2024,,0.0.4,+0.00001306,0.0.902-1734456183-688782934,ETHEREUMTRANSACTION
12/17/2024,,0.0.98,+0.01502375,0.0.902-1734456183-688782934,ETHEREUMTRANSACTION
12/17/2024,,0.0.800,+0.00003503,0.0.902-1734456183-688782934,ETHEREUMTRANSACTION
12/17/2024,,0.0.801,+0.00003503,0.0.902-1734456183-688782934,ETHEREUMTRANSACTION
12/17/2024,0.0.902,,-0.00035177,0.0.902-1734461942-720952830,ETHEREUMTRANSACTION
12/17/2024,0.0.5171756,,-0.00906000,0.0.902-1734461942-720952830,ETHEREUMTRANSACTION
12/17/2024,,0.0.7,+0.00001256,0.0.902-1734461942-720952830,ETHEREUMTRANSACTION
12/17/2024,,0.0.98,+0.00933137,0.0.902-1734461942-720952830,ETHEREUMTRANSACTION
12/17/2024,,0.0.800,+0.00003392,0.0.902-1734461942-720952830,ETHEREUMTRANSACTION
12/17/2024,,0.0.801,+0.00003392,0.0.902-1734461942-720952830,ETHEREUMTRANSACTION
12/17/2024,0.0.902,,-0.00035177,0.0.902-1734461953-594785525,ETHEREUMTRANSACTION
12/17/2024,0.0.5171756,,-0.00906000,0.0.902-1734461953-594785525,ETHEREUMTRANSACTION
12/17/2024,,0.0.7,+0.00001256,0.0.902-1734461953-594785525,ETHEREUMTRANSACTION
12/17/2024,,0.0.98,+0.00933137,0.0.902-1734461953-594785525,ETHEREUMTRANSACTION
12/17/2024,,0.0.800,+0.00003392,0.0.902-1734461953-594785525,ETHEREUMTRANSACTION
12/17/2024,,0.0.801,+0.00003392,0.0.902-1734461953-594785525,ETHEREUMTRANSACTION
12/17/2024,0.0.902,,-0.00034613,0.0.902-1734462050-822190059,ETHEREUMTRANSACTION
12/17/2024,0.0.5171756,,-0.04255518,0.0.902-1734462050-822190059,ETHEREUMTRANSACTION
12/17/2024,,0.0.3,+0.00001253,0.0.902-1734462050-822190059,ETHEREUMTRANSACTION
12/17/2024,,0.0.98,+0.04282206,0.0.902-1734462050-822190059,ETHEREUMTRANSACTION
12/17/2024,,0.0.800,+0.00003336,0.0.902-1734462050-822190059,ETHEREUMTRANSACTION
12/17/2024,,0.0.801,+0.00003336,0.0.902-1734462050-822190059,ETHEREUMTRANSACTION
12/17/2024,0.0.902,,-0.00033877,0.0.902-1734462357-749212460,ETHEREUMTRANSACTION
12/17/2024,0.0.5171756,,-0.00875800,0.0.902-1734462357-749212460,ETHEREUMTRANSACTION
12/17/2024,,0.0.6,+0.00001210,0.0.902-1734462357-749212460,ETHEREUMTRANSACTION
12/17/2024,,0.0.98,+0.00901935,0.0.902-1734462357-749212460,ETHEREUMTRANSACTION
12/17/2024,,0.0.800,+0.00003266,0.0.902-1734462357-749212460,ETHEREUMTRANSACTION
12/17/2024,,0.0.801,+0.00003266,0.0.902-1734462357-749212460,ETHEREUMTRANSACTION
12/17/2024,0.0.902,,-0.00033877,0.0.902-1734462390-169099250,ETHEREUMTRANSACTION
12/17/2024,0.0.5171756,,-0.00957348,0.0.902-1734462390-169099250,ETHEREUMTRANSACTION
12/17/2024,,0.0.4,+0.00001210,0.0.902-1734462390-169099250,ETHEREUMTRANSACTION
12/17/2024,,0.0.98,+0.00983483,0.0.902-1734462390-169099250,ETHEREUMTRANSACTION
12/17/2024,,0.0.800,+0.00003266,0.0.902-1734462390-169099250,ETHEREUMTRANSACTION
12/17/2024,,0.0.801,+0.00003266,0.0.902-1734462390-169099250,ETHEREUMTRANSACTION
12/17/2024,0.0.902,,-0.00033877,0.0.902-1734462412-436356162,ETHEREUMTRANSACTION
12/17/2024,0.0.5171756,,-0.00876148,0.0.902-1734462412-436356162,ETHEREUMTRANSACTION
12/17/2024,,0.0.5,+0.00001210,0.0.902-1734462412-436356162,ETHEREUMTRANSACTION
12/17/2024,,0.0.98,+0.00902283,0.0.902-1734462412-436356162,ETHEREUMTRANSACTION
12/17/2024,,0.0.800,+0.00003266,0.0.902-1734462412-436356162,ETHEREUMTRANSACTION
12/17/2024,,0.0.801,+0.00003266,0.0.902-1734462412-436356162,ETHEREUMTRANSACTION
12/17/2024,0.0.902,,-0.00034058,0.0.902-1734462501-356273193,ETHEREUMTRANSACTION
12/17/2024,0.0.5171756,,-0.01595667,0.0.902-1734462501-356273193,ETHEREUMTRANSACTION
12/17/2024,,0.0.4,+0.00001220,0.0.902-1734462501-356273193,ETHEREUMTRANSACTION
12/17/2024,,0.0.98,+0.01621939,0.0.902-1734462501-356273193,ETHEREUMTRANSACTION
12/17/2024,,0.0.800,+0.00003283,0.0.902-1734462501-356273193,ETHEREUMTRANSACTION
12/17/2024,,0.0.801,+0.00003283,0.0.902-1734462501-356273193,ETHEREUMTRANSACTION
12/17/2024,0.0.902,,-0.00033877,0.0.902-1734462525-789654607,ETHEREUMTRANSACTION
12/17/2024,0.0.5171756,,-0.00968397,0.0.902-1734462525-789654607,ETHEREUMTRANSACTION
12/17/2024,,0.0.6,+0.00001210,0.0.902-1734462525-789654607,ETHEREUMTRANSACTION
12/17/2024,,0.0.98,+0.00994532,0.0.902-1734462525-789654607,ETHEREUMTRANSACTION
12/17/2024,,0.0.800,+0.00003266,0.0.902-1734462525-789654607,ETHEREUMTRANSACTION
12/17/2024,,0.0.801,+0.00003266,0.0.902-1734462525-789654607,ETHEREUMTRANSACTION
12/17/2024,0.0.902,,-0.00033877,0.0.902-1734462543-337318181,ETHEREUMTRANSACTION
12/17/2024,0.0.5171756,,-0.00753710,0.0.902-1734462543-337318181,ETHEREUMTRANSACTION
12/17/2024,,0.0.8,+0.00001210,0.0.902-1734462543-337318181,ETHEREUMTRANSACTION
12/17/2024,,0.0.98,+0.00779845,0.0.902-1734462543-337318181,ETHEREUMTRANSACTION
12/17/2024,,0.0.800,+0.00003266,0.0.902-1734462543-337318181,ETHEREUMTRANSACTION
12/17/2024,,0.0.801,+0.00003266,0.0.902-1734462543-337318181,ETHEREUMTRANSACTION
12/17/2024,0.0.902,,-0.00034058,0.0.902-1734462572-730416908,ETHEREUMTRANSACTION
12/17/2024,0.0.5171756,,-0.01596015,0.0.902-1734462572-730416908,ETHEREUMTRANSACTION
12/17/2024,,0.0.3,+0.00001220,0.0.902-1734462572-730416908,ETHEREUMTRANSACTION
12/17/2024,,0.0.98,+0.01622287,0.0.902-1734462572-730416908,ETHEREUMTRANSACTION
12/17/2024,,0.0.800,+0.00003283,0.0.902-1734462572-730416908,ETHEREUMTRANSACTION
12/17/2024,,0.0.801,+0.00003283,0.0.902-1734462572-730416908,ETHEREUMTRANSACTION
12/17/2024,0.0.902,,-0.00034058,0.0.902-1734462632-538809219,ETHEREUMTRANSACTION
12/17/2024,0.0.5171756,,-0.01596015,0.0.902-1734462632-538809219,ETHEREUMTRANSACTION
12/17/2024,,0.0.4,+0.00001220,0.0.902-1734462632-538809219,ETHEREUMTRANSACTION
12/17/2024,,0.0.98,+0.01622287,0.0.902-1734462632-538809219,ETHEREUMTRANSACTION
12/17/2024,,0.0.800,+0.00003283,0.0.902-1734462632-538809219,ETHEREUMTRANSACTION
12/17/2024,,0.0.801,+0.00003283,0.0.902-1734462632-538809219,ETHEREUMTRANSACTION
12/17/2024,0.0.902,,-0.00034064,0.0.902-1734462669-822949907,ETHEREUMTRANSACTION
12/17/2024,0.0.5171756,,-0.02129267,0.0.902-1734462669-822949907,ETHEREUMTRANSACTION
12/17/2024,,0.0.7,+0.00001221,0.0.902-1734462669-822949907,ETHEREUMTRANSACTION
12/17/2024,,0.0.98,+0.02155542,0.0.902-1734462669-822949907,ETHEREUMTRANSACTION
12/17/2024,,0.0.800,+0.00003284,0.0.902-1734462669-822949907,ETHEREUMTRANSACTION
12/17/2024,,0.0.801,+0.00003284,0.0.902-1734462669-822949907,ETHEREUMTRANSACTION
12/17/2024,0.0.902,,-0.00033877,0.0.902-1734462709-672283872,ETHEREUMTRANSACTION
12/17/2024,0.0.5171756,,-0.00716068,0.0.902-1734462709-672283872,ETHEREUMTRANSACTION
12/17/2024,,0.0.6,+0.00001210,0.0.902-1734462709-672283872,ETHEREUMTRANSACTION
12/17/2024,,0.0.98,+0.00742203,0.0.902-1734462709-672283872,ETHEREUMTRANSACTION
12/17/2024,,0.0.800,+0.00003266,0.0.902-1734462709-672283872,ETHEREUMTRANSACTION
12/17/2024,,0.0.801,+0.00003266,0.0.902-1734462709-672283872,ETHEREUMTRANSACTION
12/18/2024,0.0.902,,-0.00032550,0.0.902-1734527373-313936963,ETHEREUMTRANSACTION
12/18/2024,0.0.5171756,,-0.01487241,0.0.902-1734527373-313936963,ETHEREUMTRANSACTION
12/18/2024,,0.0.6,+0.00001166,0.0.902-1734527373-313936963,ETHEREUMTRANSACTION
12/18/2024,,0.0.98,+0.01512349,0.0.902-1734527373-313936963,ETHEREUMTRANSACTION
12/18/2024,,0.0.800,+0.00003138,0.0.902-1734527373-313936963,ETHEREUMTRANSACTION
12/18/2024,,0.0.801,+0.00003138,0.0.902-1734527373-313936963,ETHEREUMTRANSACTION
12/18/2024,0.0.902,,-0.00033254,0.0.902-1734528443-817511201,ETHEREUMTRANSACTION
12/18/2024,0.0.5171756,,-0.02139885,0.0.902-1734528443-817511201,ETHEREUMTRANSACTION
12/18/2024,,0.0.8,+0.00001208,0.0.902-1734528443-817511201,ETHEREUMTRANSACTION
12/18/2024,,0.0.98,+0.02165523,0.0.902-1734528443-817511201,ETHEREUMTRANSACTION
12/18/2024,,0.0.800,+0.00003204,0.0.902-1734528443-817511201,ETHEREUMTRANSACTION
12/18/2024,,0.0.801,+0.00003204,0.0.902-1734528443-817511201,ETHEREUMTRANSACTION
12/18/2024,0.0.902,,-0.00032550,0.0.902-1734528519-932335096,ETHEREUMTRANSACTION
12/18/2024,0.0.5171756,,-0.01059021,0.0.902-1734528519-932335096,ETHEREUMTRANSACTION
12/18/2024,,0.0.7,+0.00001166,0.0.902-1734528519-932335096,ETHEREUMTRANSACTION
12/18/2024,,0.0.98,+0.01084129,0.0.902-1734528519-932335096,ETHEREUMTRANSACTION
12/18/2024,,0.0.800,+0.00003138,0.0.902-1734528519-932335096,ETHEREUMTRANSACTION
12/18/2024,,0.0.801,+0.00003138,0.0.902-1734528519-932335096,ETHEREUMTRANSACTION
12/18/2024,0.0.902,,-0.00032377,0.0.902-1734528862-532941997,ETHEREUMTRANSACTION
12/18/2024,0.0.5171756,,-0.00901611,0.0.902-1734528862-532941997,ETHEREUMTRANSACTION
12/18/2024,,0.0.6,+0.00001156,0.0.902-1734528862-532941997,ETHEREUMTRANSACTION
12/18/2024,,0.0.98,+0.00926588,0.0.902-1734528862-532941997,ETHEREUMTRANSACTION
12/18/2024,,0.0.800,+0.00003122,0.0.902-1734528862-532941997,ETHEREUMTRANSACTION
12/18/2024,,0.0.801,+0.00003122,0.0.902-1734528862-532941997,ETHEREUMTRANSACTION
12/18/2024,0.0.902,,-0.00034759,0.0.902-1734543141-048270461,ETHEREUMTRANSACTION
12/18/2024,0.0.5171756,,-0.02218468,0.0.902-1734543141-048270461,ETHEREUMTRANSACTION
12/18/2024,,0.0.9,+0.00001262,0.0.902-1734543141-048270461,ETHEREUMTRANSACTION
12/18/2024,,0.0.98,+0.02245267,0.0.902-1734543141-048270461,ETHEREUMTRANSACTION
12/18/2024,,0.0.800,+0.00003349,0.0.902-1734543141-048270461,ETHEREUMTRANSACTION
12/18/2024,,0.0.801,+0.00003349,0.0.902-1734543141-048270461,ETHEREUMTRANSACTION
12/18/2024,0.0.902,,-0.00034205,0.0.902-1734543190-975464782,ETHEREUMTRANSACTION
12/18/2024,0.0.5171756,,-0.01376396,0.0.902-1734543190-975464782,ETHEREUMTRANSACTION
12/18/2024,,0.0.9,+0.00001230,0.0.902-1734543190-975464782,ETHEREUMTRANSACTION
12/18/2024,,0.0.98,+0.01402777,0.0.902-1734543190-975464782,ETHEREUMTRANSACTION
12/18/2024,,0.0.800,+0.00003297,0.0.902-1734543190-975464782,ETHEREUMTRANSACTION
12/18/2024,,0.0.801,+0.00003297,0.0.902-1734543190-975464782,ETHEREUMTRANSACTION
12/18/2024,0.0.902,,-0.00034579,0.0.902-1734543262-821269901,ETHEREUMTRANSACTION
12/18/2024,0.0.5171756,,-0.04108776,0.0.902-1734543262-821269901,ETHEREUMTRANSACTION
12/18/2024,,0.0.4,+0.00001252,0.0.902-1734543262-821269901,ETHEREUMTRANSACTION
12/18/2024,,0.0.98,+0.04135439,0.0.902-1734543262-821269901,ETHEREUMTRANSACTION
12/18/2024,,0.0.800,+0.00003332,0.0.902-1734543262-821269901,ETHEREUMTRANSACTION
12/18/2024,,0.0.801,+0.00003332,0.0.902-1734543262-821269901,ETHEREUMTRANSACTION
12/18/2024,0.0.902,,-0.00033843,0.0.902-1734543287-270850808,ETHEREUMTRANSACTION
12/18/2024,0.0.5171756,,-0.00845936,0.0.902-1734543287-270850808,ETHEREUMTRANSACTION
12/18/2024,,0.0.3,+0.00001208,0.0.902-1734543287-270850808,ETHEREUMTRANSACTION
12/18/2024,,0.0.98,+0.00872045,0.0.902-1734543287-270850808,ETHEREUMTRANSACTION
12/18/2024,,0.0.800,+0.00003263,0.0.902-1734543287-270850808,ETHEREUMTRANSACTION
12/18/2024,,0.0.801,+0.00003263,0.0.902-1734543287-270850808,ETHEREUMTRANSACTION
12/18/2024,0.0.902,,-0.00034024,0.0.902-1734543312-987322170,ETHEREUMTRANSACTION
12/18/2024,0.0.5171756,,-0.01542996,0.0.902-1734543312-987322170,ETHEREUMTRANSACTION
12/18/2024,,0.0.8,+0.00001219,0.0.902-1734543312-987322170,ETHEREUMTRANSACTION
12/18/2024,,0.0.98,+0.01569241,0.0.902-1734543312-987322170,ETHEREUMTRANSACTION
12/18/2024,,0.0.800,+0.00003280,0.0.902-1734543312-987322170,ETHEREUMTRANSACTION
12/18/2024,,0.0.801,+0.00003280,0.0.902-1734543312-987322170,ETHEREUMTRANSACTION
12/18/2024,0.0.902,,-0.00033843,0.0.902-1734543405-138758623,ETHEREUMTRANSACTION
12/18/2024,0.0.5171756,,-0.00935004,0.0.902-1734543405-138758623,ETHEREUMTRANSACTION
12/18/2024,,0.0.6,+0.00001208,0.0.902-1734543405-138758623,ETHEREUMTRANSACTION
12/18/2024,,0.0.98,+0.00961113,0.0.902-1734543405-138758623,ETHEREUMTRANSACTION
12/18/2024,,0.0.800,+0.00003263,0.0.902-1734543405-138758623,ETHEREUMTRANSACTION
12/18/2024,,0.0.801,+0.00003263,0.0.902-1734543405-138758623,ETHEREUMTRANSACTION
12/18/2024,0.0.902,,-0.00033843,0.0.902-1734543421-994213800,ETHEREUMTRANSACTION
12/18/2024,0.0.5171756,,-0.00727720,0.0.902-1734543421-994213800,ETHEREUMTRANSACTION
12/18/2024,,0.0.4,+0.00001208,0.0.902-1734543421-994213800,ETHEREUMTRANSACTION
12/18/2024,,0.0.98,+0.00753829,0.0.902-1734543421-994213800,ETHEREUMTRANSACTION
12/18/2024,,0.0.800,+0.00003263,0.0.902-1734543421-994213800,ETHEREUMTRANSACTION
12/18/2024,,0.0.801,+0.00003263,0.0.902-1734543421-994213800,ETHEREUMTRANSACTION
12/18/2024,0.0.902,,-0.00034024,0.0.902-1734543440-083377604,ETHEREUMTRANSACTION
12/18/2024,0.0.5171756,,-0.01542996,0.0.902-1734543440-083377604,ETHEREUMTRANSACTION
12/18/2024,,0.0.4,+0.00001219,0.0.902-1734543440-083377604,ETHEREUMTRANSACTION
12/18/2024,,0.0.98,+0.01569241,0.0.902-1734543440-083377604,ETHEREUMTRANSACTION
12/18/2024,,0.0.800,+0.00003280,0.0.902-1734543440-083377604,ETHEREUMTRANSACTION
12/18/2024,,0.0.801,+0.00003280,0.0.902-1734543440-083377604,ETHEREUMTRANSACTION
12/18/2024,0.0.902,,-0.00034029,0.0.902-1734543472-822360288,ETHEREUMTRANSACTION
12/18/2024,0.0.5171756,,-0.02055844,0.0.902-1734543472-822360288,ETHEREUMTRANSACTION
12/18/2024,,0.0.9,+0.00001219,0.0.902-1734543472-822360288,ETHEREUMTRANSACTION
12/18/2024,,0.0.98,+0.02082092,0.0.902-1734543472-822360288,ETHEREUMTRANSACTION
12/18/2024,,0.0.800,+0.00003281,0.0.902-1734543472-822360288,ETHEREUMTRANSACTION
12/18/2024,,0.0.801,+0.00003281,0.0.902-1734543472-822360288,ETHEREUMTRANSACTION
12/18/2024,0.0.902,,-0.00033843,0.0.902-1734543526-331346163,ETHEREUMTRANSACTION
12/18/2024,0.0.5171756,,-0.00826112,0.0.902-1734543526-331346163,ETHEREUMTRANSACTION
12/18/2024,,0.0.3,+0.00001208,0.0.902-1734543526-331346163,ETHEREUMTRANSACTION
12/18/2024,,0.0.98,+0.00852221,0.0.902-1734543526-331346163,ETHEREUMTRANSACTION
12/18/2024,,0.0.800,+0.00003263,0.0.902-1734543526-331346163,ETHEREUMTRANSACTION
12/18/2024,,0.0.801,+0.00003263,0.0.902-1734543526-331346163,ETHEREUMTRANSACTION
12/18/2024,0.0.902,,-0.00034205,0.0.902-1734543563-787969480,ETHEREUMTRANSACTION
12/18/2024,0.0.5171756,,-0.00897596,0.0.902-1734543563-787969480,ETHEREUMTRANSACTION
12/18/2024,,0.0.4,+0.00001230,0.0.902-1734543563-787969480,ETHEREUMTRANSACTION
12/18/2024,,0.0.98,+0.00923977,0.0.902-1734543563-787969480,ETHEREUMTRANSACTION
12/18/2024,,0.0.800,+0.00003297,0.0.902-1734543563-787969480,ETHEREUMTRANSACTION
12/18/2024,,0.0.801,+0.00003297,0.0.902-1734543563-787969480,ETHEREUMTRANSACTION
12/18/2024,0.0.902,,-0.00033843,0.0.902-1734543622-177741702,ETHEREUMTRANSACTION
12/18/2024,0.0.5171756,,-0.00845936,0.0.902-1734543622-177741702,ETHEREUMTRANSACTION
12/18/2024,,0.0.6,+0.00001208,0.0.902-1734543622-177741702,ETHEREUMTRANSACTION
12/18/2024,,0.0.98,+0.00872045,0.0.902-1734543622-177741702,ETHEREUMTRANSACTION
12/18/2024,,0.0.800,+0.00003263,0.0.902-1734543622-177741702,ETHEREUMTRANSACTION
12/18/2024,,0.0.801,+0.00003263,0.0.902-1734543622-177741702,ETHEREUMTRANSACTION
12/18/2024,0.0.902,,-0.00043649,0.0.902-1734555136-810617685,ETHEREUMTRANSACTION
12/18/2024,0.0.5171756,,-0.02896857,0.0.902-1734555136-810617685,ETHEREUMTRANSACTION
12/18/2024,,0.0.3,+0.00001817,0.0.902-1734555136-810617685,ETHEREUMTRANSACTION
12/18/2024,,0.0.98,+0.02930323,0.0.902-1734555136-810617685,ETHEREUMTRANSACTION
12/18/2024,,0.0.800,+0.00004183,0.0.902-1734555136-810617685,ETHEREUMTRANSACTION
12/18/2024,,0.0.801,+0.00004183,0.0.902-1734555136-810617685,ETHEREUMTRANSACTION
12/18/2024,0.0.902,,-0.00038761,0.0.902-1734555145-403978785,ETHEREUMTRANSACTION
12/18/2024,0.0.5171756,,-0.01950777,0.0.902-1734555145-403978785,ETHEREUMTRANSACTION
12/18/2024,,0.0.4,+0.00001530,0.0.902-1734555145-403978785,ETHEREUMTRANSACTION
12/18/2024,,0.0.98,+0.01980562,0.0.902-1734555145-403978785,ETHEREUMTRANSACTION
12/18/2024,,0.0.800,+0.00003723,0.0.902-1734555145-403978785,ETHEREUMTRANSACTION
12/18/2024,,0.0.801,+0.00003723,0.0.902-1734555145-403978785,ETHEREUMTRANSACTION
12/18/2024,0.0.902,,-0.00045819,0.0.902-1734555156-769901684,ETHEREUMTRANSACTION
12/18/2024,0.0.5171756,,-0.03068442,0.0.902-1734555156-769901684,ETHEREUMTRANSACTION
12/18/2024,,0.0.7,+0.00001945,0.0.902-1734555156-769901684,ETHEREUMTRANSACTION
12/18/2024,,0.0.98,+0.03103542,0.0.902-1734555156-769901684,ETHEREUMTRANSACTION
12/18/2024,,0.0.800,+0.00004387,0.0.902-1734555156-769901684,ETHEREUMTRANSACTION
12/18/2024,,0.0.801,+0.00004387,0.0.902-1734555156-769901684,ETHEREUMTRANSACTION
12/18/2024,0.0.902,,-0.00046725,0.0.902-1734555166-297585860,ETHEREUMTRANSACTION
12/18/2024,0.0.5171756,,-0.04373190,0.0.902-1734555166-297585860,ETHEREUMTRANSACTION
12/18/2024,,0.0.7,+0.00001998,0.0.902-1734555166-297585860,ETHEREUMTRANSACTION
12/18/2024,,0.0.98,+0.04408973,0.0.902-1734555166-297585860,ETHEREUMTRANSACTION
12/18/2024,,0.0.800,+0.00004472,0.0.902-1734555166-297585860,ETHEREUMTRANSACTION
12/18/2024,,0.0.801,+0.00004472,0.0.902-1734555166-297585860,ETHEREUMTRANSACTION
12/18/2024,0.0.902,,-0.00034041,0.0.902-1734557540-345668218,ETHEREUMTRANSACTION
12/18/2024,0.0.5171756,,-0.02657676,0.0.902-1734557540-345668218,ETHEREUMTRANSACTION
12/18/2024,,0.0.6,+0.00001224,0.0.902-1734557540-345668218,ETHEREUMTRANSACTION
12/18/2024,,0.0.98,+0.02683931,0.0.902-1734557540-345668218,ETHEREUMTRANSACTION
12/18/2024,,0.0.800,+0.00003281,0.0.902-1734557540-345668218,ETHEREUMTRANSACTION
12/18/2024,,0.0.801,+0.00003281,0.0.902-1734557540-345668218,ETHEREUMTRANSACTION
12/18/2024,0.0.902,,-0.00034041,0.0.902-1734558029-138892047,ETHEREUMTRANSACTION
12/18/2024,0.0.5171756,,-0.02178876,0.0.902-1734558029-138892047,ETHEREUMTRANSACTION
12/18/2024,,0.0.6,+0.00001224,0.0.902-1734558029-138892047,ETHEREUMTRANSACTION
12/18/2024,,0.0.98,+0.02205131,0.0.902-1734558029-138892047,ETHEREUMTRANSACTION
12/18/2024,,0.0.800,+0.00003281,0.0.902-1734558029-138892047,ETHEREUMTRANSACTION
12/18/2024,,0.0.801,+0.00003281,0.0.902-1734558029-138892047,ETHEREUMTRANSACTION
12/18/2024,0.0.902,,-0.00033860,0.0.902-1734558044-153292045,ETHEREUMTRANSACTION
12/18/2024,0.0.5171756,,-0.01984444,0.0.902-1734558044-153292045,ETHEREUMTRANSACTION
12/18/2024,,0.0.7,+0.00001213,0.0.902-1734558044-153292045,ETHEREUMTRANSACTION
12/18/2024,,0.0.98,+0.02010563,0.0.902-1734558044-153292045,ETHEREUMTRANSACTION
12/18/2024,,0.0.800,+0.00003264,0.0.902-1734558044-153292045,ETHEREUMTRANSACTION
12/18/2024,,0.0.801,+0.00003264,0.0.902-1734558044-153292045,ETHEREUMTRANSACTION
12/18/2024,0.0.902,,-0.00034041,0.0.902-1734558185-124267566,ETHEREUMTRANSACTION
12/18/2024,0.0.5171756,,-0.02178876,0.0.902-1734558185-124267566,ETHEREUMTRANSACTION
12/18/2024,,0.0.8,+0.00001224,0.0.902-1734558185-124267566,ETHEREUMTRANSACTION
12/18/2024,,0.0.98,+0.02205131,0.0.902-1734558185-124267566,ETHEREUMTRANSACTION
12/18/2024,,0.0.800,+0.00003281,0.0.902-1734558185-124267566,ETHEREUMTRANSACTION
12/18/2024,,0.0.801,+0.00003281,0.0.902-1734558185-124267566,ETHEREUMTRANSACTION
12/18/2024,0.0.902,,-0.00033855,0.0.902-1734558190-520035002,ETHEREUMTRANSACTION
12/18/2024,0.0.5171756,,-0.01026844,0.0.902-1734558190-520035002,ETHEREUMTRANSACTION
12/18/2024,,0.0.8,+0.00001213,0.0.902-1734558190-520035002,ETHEREUMTRANSACTION
12/18/2024,,0.0.98,+0.01052958,0.0.902-1734558190-520035002,ETHEREUMTRANSACTION
12/18/2024,,0.0.800,+0.00003264,0.0.902-1734558190-520035002,ETHEREUMTRANSACTION
12/18/2024,,0.0.801,+0.00003264,0.0.902-1734558190-520035002,ETHEREUMTRANSACTION
12/18/2024,0.0.902,,-0.00034041,0.0.902-1734558228-591803958,ETHEREUMTRANSACTION
12/18/2024,0.0.5171756,,-0.02178876,0.0.902-1734558228-591803958,ETHEREUMTRANSACTION
12/18/2024,,0.0.7,+0.00001224,0.0.902-1734558228-591803958,ETHEREUMTRANSACTION
12/18/2024,,0.0.98,+0.02205131,0.0.902-1734558228-591803958,ETHEREUMTRANSACTION
12/18/2024,,0.0.800,+0.00003281,0.0.902-1734558228-591803958,ETHEREUMTRANSACTION
12/18/2024,,0.0.801,+0.00003281,0.0.902-1734558228-591803958,ETHEREUMTRANSACTION
12/18/2024,0.0.902,,-0.00033855,0.0.902-1734558239-398944467,ETHEREUMTRANSACTION
12/18/2024,0.0.5171756,,-0.01026844,0.0.902-1734558239-398944467,ETHEREUMTRANSACTION
12/18/2024,,0.0.8,+0.00001213,0.0.902-1734558239-398944467,ETHEREUMTRANSACTION
12/18/2024,,0.0.98,+0.01052958,0.0.902-1734558239-398944467,ETHEREUMTRANSACTION
12/18/2024,,0.0.800,+0.00003264,0.0.902-1734558239-398944467,ETHEREUMTRANSACTION
12/18/2024,,0.0.801,+0.00003264,0.0.902-1734558239-398944467,ETHEREUMTRANSACTION
12/18/2024,0.0.902,,-0.00034406,0.0.902-1734558250-620693047,ETHEREUMTRANSACTION
12/18/2024,0.0.5171756,,-0.04511416,0.0.902-1734558250-620693047,ETHEREUMTRANSACTION
12/18/2024,,0.0.4,+0.00001245,0.0.902-1734558250-620693047,ETHEREUMTRANSACTION
12/18/2024,,0.0.98,+0.04537945,0.0.902-1734558250-620693047,ETHEREUMTRANSACTION
12/18/2024,,0.0.800,+0.00003316,0.0.902-1734558250-620693047,ETHEREUMTRANSACTION
12/18/2024,,0.0.801,+0.00003316,0.0.902-1734558250-620693047,ETHEREUMTRANSACTION
12/18/2024,0.0.902,,-0.00034041,0.0.902-1734558401-771898981,ETHEREUMTRANSACTION
12/18/2024,0.0.5171756,,-0.02178876,0.0.902-1734558401-771898981,ETHEREUMTRANSACTION
12/18/2024,,0.0.7,+0.00001224,0.0.902-1734558401-771898981,ETHEREUMTRANSACTION
12/18/2024,,0.0.98,+0.02205131,0.0.902-1734558401-771898981,ETHEREUMTRANSACTION
12/18/2024,,0.0.800,+0.00003281,0.0.902-1734558401-771898981,ETHEREUMTRANSACTION
12/18/2024,,0.0.801,+0.00003281,0.0.902-1734558401-771898981,ETHEREUMTRANSACTION
12/18/2024,0.0.902,,-0.00033855,0.0.902-1734558413-418962204,ETHEREUMTRANSACTION
12/18/2024,0.0.5171756,,-0.01026844,0.0.902-1734558413-418962204,ETHEREUMTRANSACTION
12/18/2024,,0.0.6,+0.00001213,0.0.902-1734558413-418962204,ETHEREUMTRANSACTION
12/18/2024,,0.0.98,+0.01052958,0.0.902-1734558413-418962204,ETHEREUMTRANSACTION
12/18/2024,,0.0.800,+0.00003264,0.0.902-1734558413-418962204,ETHEREUMTRANSACTION
12/18/2024,,0.0.801,+0.00003264,0.0.902-1734558413-418962204,ETHEREUMTRANSACTION
12/18/2024,0.0.902,,-0.00034406,0.0.902-1734558427-198373143,ETHEREUMTRANSACTION
12/18/2024,0.0.5171756,,-0.04031944,0.0.902-1734558427-198373143,ETHEREUMTRANSACTION
12/18/2024,,0.0.7,+0.00001245,0.0.902-1734558427-198373143,ETHEREUMTRANSACTION
12/18/2024,,0.0.98,+0.04058473,0.0.902-1734558427-198373143,ETHEREUMTRANSACTION
12/18/2024,,0.0.800,+0.00003316,0.0.902-1734558427-198373143,ETHEREUMTRANSACTION
12/18/2024,,0.0.801,+0.00003316,0.0.902-1734558427-198373143,ETHEREUMTRANSACTION
12/18/2024,0.0.902,,-0.00034041,0.0.902-1734558678-126819980,ETHEREUMTRANSACTION
12/18/2024,0.0.5171756,,-0.02178876,0.0.902-1734558678-126819980,ETHEREUMTRANSACTION
12/18/2024,,0.0.9,+0.00001224,0.0.902-1734558678-126819980,ETHEREUMTRANSACTION
12/18/2024,,0.0.98,+0.02205131,0.0.902-1734558678-126819980,ETHEREUMTRANSACTION
12/18/2024,,0.0.800,+0.00003281,0.0.902-1734558678-126819980,ETHEREUMTRANSACTION
12/18/2024,,0.0.801,+0.00003281,0.0.902-1734558678-126819980,ETHEREUMTRANSACTION
12/18/2024,0.0.902,,-0.00033855,0.0.902-1734558684-659571022,ETHEREUMTRANSACTION
12/18/2024,0.0.5171756,,-0.01026844,0.0.902-1734558684-659571022,ETHEREUMTRANSACTION
12/18/2024,,0.0.8,+0.00001213,0.0.902-1734558684-659571022,ETHEREUMTRANSACTION
12/18/2024,,0.0.98,+0.01052958,0.0.902-1734558684-659571022,ETHEREUMTRANSACTION
12/18/2024,,0.0.800,+0.00003264,0.0.902-1734558684-659571022,ETHEREUMTRANSACTION
12/18/2024,,0.0.801,+0.00003264,0.0.902-1734558684-659571022,ETHEREUMTRANSACTION
12/18/2024,0.0.902,,-0.00034406,0.0.902-1734558694-199637336,ETHEREUMTRANSACTION
12/18/2024,0.0.5171756,,-0.04031944,0.0.902-1734558694-199637336,ETHEREUMTRANSACTION
12/18/2024,,0.0.9,+0.00001245,0.0.902-1734558694-199637336,ETHEREUMTRANSACTION
12/18/2024,,0.0.98,+0.04058473,0.0.902-1734558694-199637336,ETHEREUMTRANSACTION
12/18/2024,,0.0.800,+0.00003316,0.0.902-1734558694-199637336,ETHEREUMTRANSACTION
12/18/2024,,0.0.801,+0.00003316,0.0.902-1734558694-199637336,ETHEREUMTRANSACTION
12/18/2024,0.0.902,,-0.00034041,0.0.902-1734558924-797966285,ETHEREUMTRANSACTION
12/18/2024,0.0.5171756,,-0.02178876,0.0.902-1734558924-797966285,ETHEREUMTRANSACTION
12/18/2024,,0.0.6,+0.00001224,0.0.902-1734558924-797966285,ETHEREUMTRANSACTION
12/18/2024,,0.0.98,+0.02205131,0.0.902-1734558924-797966285,ETHEREUMTRANSACTION
12/18/2024,,0.0.800,+0.00003281,0.0.902-1734558924-797966285,ETHEREUMTRANSACTION
12/18/2024,,0.0.801,+0.00003281,0.0.902-1734558924-797966285,ETHEREUMTRANSACTION
12/18/2024,0.0.902,,-0.00033855,0.0.902-1734558929-178941281,ETHEREUMTRANSACTION
12/18/2024,0.0.5171756,,-0.01026844,0.0.902-1734558929-178941281,ETHEREUMTRANSACTION
12/18/2024,,0.0.6,+0.00001213,0.0.902-1734558929-178941281,ETHEREUMTRANSACTION
12/18/2024,,0.0.98,+0.01052958,0.0.902-1734558929-178941281,ETHEREUMTRANSACTION
12/18/2024,,0.0.800,+0.00003264,0.0.902-1734558929-178941281,ETHEREUMTRANSACTION
12/18/2024,,0.0.801,+0.00003264,0.0.902-1734558929-178941281,ETHEREUMTRANSACTION
12/18/2024,0.0.902,,-0.00034406,0.0.902-1734558938-524653273,ETHEREUMTRANSACTION
12/18/2024,0.0.5171756,,-0.04031944,0.0.902-1734558938-524653273,ETHEREUMTRANSACTION
12/18/2024,,0.0.4,+0.00001245,0.0.902-1734558938-524653273,ETHEREUMTRANSACTION
12/18/2024,,0.0.98,+0.04058473,0.0.902-1734558938-524653273,ETHEREUMTRANSACTION
12/18/2024,,0.0.800,+0.00003316,0.0.902-1734558938-524653273,ETHEREUMTRANSACTION
12/18/2024,,0.0.801,+0.00003316,0.0.902-1734558938-524653273,ETHEREUMTRANSACTION
12/18/2024,0.0.902,,-0.00034041,0.0.902-1734558955-104264194,ETHEREUMTRANSACTION
12/18/2024,0.0.5171756,,-0.02177868,0.0.902-1734558955-104264194,ETHEREUMTRANSACTION
12/18/2024,,0.0.3,+0.00001224,0.0.902-1734558955-104264194,ETHEREUMTRANSACTION
12/18/2024,,0.0.98,+0.02204123,0.0.902-1734558955-104264194,ETHEREUMTRANSACTION
12/18/2024,,0.0.800,+0.00003281,0.0.902-1734558955-104264194,ETHEREUMTRANSACTION
12/18/2024,,0.0.801,+0.00003281,0.0.902-1734558955-104264194,ETHEREUMTRANSACTION
12/18/2024,0.0.902,,-0.00033855,0.0.902-1734558962-667895671,ETHEREUMTRANSACTION
12/18/2024,0.0.5171756,,-0.01026844,0.0.902-1734558962-667895671,ETHEREUMTRANSACTION
12/18/2024,,0.0.4,+0.00001213,0.0.902-1734558962-667895671,ETHEREUMTRANSACTION
12/18/2024,,0.0.98,+0.01052958,0.0.902-1734558962-667895671,ETHEREUMTRANSACTION
12/18/2024,,0.0.800,+0.00003264,0.0.902-1734558962-667895671,ETHEREUMTRANSACTION
12/18/2024,,0.0.801,+0.00003264,0.0.902-1734558962-667895671,ETHEREUMTRANSACTION
12/18/2024,0.0.902,,-0.00034406,0.0.902-1734558972-124156827,ETHEREUMTRANSACTION
12/18/2024,0.0.5171756,,-0.04031944,0.0.902-1734558972-124156827,ETHEREUMTRANSACTION
12/18/2024,,0.0.9,+0.00001245,0.0.902-1734558972-124156827,ETHEREUMTRANSACTION
12/18/2024,,0.0.98,+0.04058473,0.0.902-1734558972-124156827,ETHEREUMTRANSACTION
12/18/2024,,0.0.800,+0.00003316,0.0.902-1734558972-124156827,ETHEREUMTRANSACTION
12/18/2024,,0.0.801,+0.00003316,0.0.902-1734558972-124156827,ETHEREUMTRANSACTION
12/18/2024,0.0.902,,-0.00034041,0.0.902-1734559017-008589427,ETHEREUMTRANSACTION
12/18/2024,0.0.5171756,,-0.02177868,0.0.902-1734559017-008589427,ETHEREUMTRANSACTION
12/18/2024,,0.0.6,+0.00001224,0.0.902-1734559017-008589427,ETHEREUMTRANSACTION
12/18/2024,,0.0.98,+0.02204123,0.0.902-1734559017-008589427,ETHEREUMTRANSACTION
12/18/2024,,0.0.800,+0.00003281,0.0.902-1734559017-008589427,ETHEREUMTRANSACTION
12/18/2024,,0.0.801,+0.00003281,0.0.902-1734559017-008589427,ETHEREUMTRANSACTION
12/18/2024,0.0.902,,-0.00033855,0.0.902-1734559023-195577929,ETHEREUMTRANSACTION
12/18/2024,0.0.5171756,,-0.01026844,0.0.902-1734559023-195577929,ETHEREUMTRANSACTION
12/18/2024,,0.0.6,+0.00001213,0.0.902-1734559023-195577929,ETHEREUMTRANSACTION
12/18/2024,,0.0.98,+0.01052958,0.0.902-1734559023-195577929,ETHEREUMTRANSACTION
12/18/2024,,0.0.800,+0.00003264,0.0.902-1734559023-195577929,ETHEREUMTRANSACTION
12/18/2024,,0.0.801,+0.00003264,0.0.902-1734559023-195577929,ETHEREUMTRANSACTION
12/18/2024,0.0.902,,-0.00034406,0.0.902-1734559034-722265694,ETHEREUMTRANSACTION
12/18/2024,0.0.5171756,,-0.04031944,0.0.902-1734559034-722265694,ETHEREUMTRANSACTION
12/18/2024,,0.0.9,+0.00001245,0.0.902-1734559034-722265694,ETHEREUMTRANSACTION
12/18/2024,,0.0.98,+0.04058473,0.0.902-1734559034-722265694,ETHEREUMTRANSACTION
12/18/2024,,0.0.800,+0.00003316,0.0.902-1734559034-722265694,ETHEREUMTRANSACTION
12/18/2024,,0.0.801,+0.00003316,0.0.902-1734559034-722265694,ETHEREUMTRANSACTION
12/18/2024,0.0.902,,-0.00034041,0.0.902-1734559084-856513672,ETHEREUMTRANSACTION
12/18/2024,0.0.5171756,,-0.02177868,0.0.902-1734559084-856513672,ETHEREUMTRANSACTION
12/18/2024,,0.0.9,+0.00001224,0.0.902-1734559084-856513672,ETHEREUMTRANSACTION
12/18/2024,,0.0.98,+0.02204123,0.0.902-1734559084-856513672,ETHEREUMTRANSACTION
12/18/2024,,0.0.800,+0.00003281,0.0.902-1734559084-856513672,ETHEREUMTRANSACTION
12/18/2024,,0.0.801,+0.00003281,0.0.902-1734559084-856513672,ETHEREUMTRANSACTION
12/18/2024,0.0.902,,-0.00033855,0.0.902-1734559094-963520871,ETHEREUMTRANSACTION
12/18/2024,0.0.5171756,,-0.01026844,0.0.902-1734559094-963520871,ETHEREUMTRANSACTION
12/18/2024,,0.0.7,+0.00001213,0.0.902-1734559094-963520871,ETHEREUMTRANSACTION
12/18/2024,,0.0.98,+0.01052958,0.0.902-1734559094-963520871,ETHEREUMTRANSACTION
12/18/2024,,0.0.800,+0.00003264,0.0.902-1734559094-963520871,ETHEREUMTRANSACTION
12/18/2024,,0.0.801,+0.00003264,0.0.902-1734559094-963520871,ETHEREUMTRANSACTION
12/18/2024,0.0.902,,-0.00034406,0.0.902-1734559100-472524539,ETHEREUMTRANSACTION
12/18/2024,0.0.5171756,,-0.04031944,0.0.902-1734559100-472524539,ETHEREUMTRANSACTION
12/18/2024,,0.0.3,+0.00001245,0.0.902-1734559100-472524539,ETHEREUMTRANSACTION
12/18/2024,,0.0.98,+0.04058473,0.0.902-1734559100-472524539,ETHEREUMTRANSACTION
12/18/2024,,0.0.800,+0.00003316,0.0.902-1734559100-472524539,ETHEREUMTRANSACTION
12/18/2024,,0.0.801,+0.00003316,0.0.902-1734559100-472524539,ETHEREUMTRANSACTION
12/18/2024,0.0.902,,-0.00035906,0.0.902-1734559391-977384169,ETHEREUMTRANSACTION
12/18/2024,0.0.5171756,,-0.02333430,0.0.902-1734559391-977384169,ETHEREUMTRANSACTION
12/18/2024,,0.0.3,+0.00001291,0.0.902-1734559391-977384169,ETHEREUMTRANSACTION
12/18/2024,,0.0.98,+0.02361123,0.0.902-1734559391-977384169,ETHEREUMTRANSACTION
12/18/2024,,0.0.800,+0.00003461,0.0.902-1734559391-977384169,ETHEREUMTRANSACTION
12/18/2024,,0.0.801,+0.00003461,0.0.902-1734559391-977384169,ETHEREUMTRANSACTION
12/18/2024,0.0.902,,-0.00035711,0.0.902-1734559404-182048753,ETHEREUMTRANSACTION
12/18/2024,0.0.5171756,,-0.01100190,0.0.902-1734559404-182048753,ETHEREUMTRANSACTION
12/18/2024,,0.0.8,+0.00001280,0.0.902-1734559404-182048753,ETHEREUMTRANSACTION
12/18/2024,,0.0.98,+0.01127735,0.0.902-1734559404-182048753,ETHEREUMTRANSACTION
12/18/2024,,0.0.800,+0.00003443,0.0.902-1734559404-182048753,ETHEREUMTRANSACTION
12/18/2024,,0.0.801,+0.00003443,0.0.902-1734559404-182048753,ETHEREUMTRANSACTION
12/18/2024,0.0.902,,-0.00036292,0.0.902-1734559410-491909765,ETHEREUMTRANSACTION
12/18/2024,0.0.5171756,,-0.04319940,0.0.902-1734559410-491909765,ETHEREUMTRANSACTION
12/18/2024,,0.0.4,+0.00001314,0.0.902-1734559410-491909765,ETHEREUMTRANSACTION
12/18/2024,,0.0.98,+0.04347924,0.0.902-1734559410-491909765,ETHEREUMTRANSACTION
12/18/2024,,0.0.800,+0.00003497,0.0.902-1734559410-491909765,ETHEREUMTRANSACTION
12/18/2024,,0.0.801,+0.00003497,0.0.902-1734559410-491909765,ETHEREUMTRANSACTION
12/18/2024,0.0.902,,-0.00035906,0.0.902-1734559480-998113552,ETHEREUMTRANSACTION
12/18/2024,0.0.5171756,,-0.02333430,0.0.902-1734559480-998113552,ETHEREUMTRANSACTION
12/18/2024,,0.0.8,+0.00001291,0.0.902-1734559480-998113552,ETHEREUMTRANSACTION
12/18/2024,,0.0.98,+0.02361123,0.0.902-1734559480-998113552,ETHEREUMTRANSACTION
12/18/2024,,0.0.800,+0.00003461,0.0.902-1734559480-998113552,ETHEREUMTRANSACTION
12/18/2024,,0.0.801,+0.00003461,0.0.902-1734559480-998113552,ETHEREUMTRANSACTION
12/18/2024,0.0.902,,-0.00035711,0.0.902-1734559488-814687264,ETHEREUMTRANSACTION
12/18/2024,0.0.5171756,,-0.01100190,0.0.902-1734559488-814687264,ETHEREUMTRANSACTION
12/18/2024,,0.0.6,+0.00001280,0.0.902-1734559488-814687264,ETHEREUMTRANSACTION
12/18/2024,,0.0.98,+0.01127735,0.0.902-1734559488-814687264,ETHEREUMTRANSACTION
12/18/2024,,0.0.800,+0.00003443,0.0.902-1734559488-814687264,ETHEREUMTRANSACTION
12/18/2024,,0.0.801,+0.00003443,0.0.902-1734559488-814687264,ETHEREUMTRANSACTION
12/18/2024,0.0.902,,-0.00036292,0.0.902-1734559507-540941623,ETHEREUMTRANSACTION
12/18/2024,0.0.5171756,,-0.04319940,0.0.902-1734559507-540941623,ETHEREUMTRANSACTION
12/18/2024,,0.0.7,+0.00001314,0.0.902-1734559507-540941623,ETHEREUMTRANSACTION
12/18/2024,,0.0.98,+0.04347924,0.0.902-1734559507-540941623,ETHEREUMTRANSACTION
12/18/2024,,0.0.800,+0.00003497,0.0.902-1734559507-540941623,ETHEREUMTRANSACTION
12/18/2024,,0.0.801,+0.00003497,0.0.902-1734559507-540941623,ETHEREUMTRANSACTION
12/18/2024,0.0.902,,-0.00035906,0.0.902-1734560965-146907211,ETHEREUMTRANSACTION
12/18/2024,0.0.5171756,,-0.02333430,0.0.902-1734560965-146907211,ETHEREUMTRANSACTION
12/18/2024,,0.0.6,+0.00001291,0.0.902-1734560965-146907211,ETHEREUMTRANSACTION
12/18/2024,,0.0.98,+0.02361123,0.0.902-1734560965-146907211,ETHEREUMTRANSACTION
12/18/2024,,0.0.800,+0.00003461,0.0.902-1734560965-146907211,ETHEREUMTRANSACTION
12/18/2024,,0.0.801,+0.00003461,0.0.902-1734560965-146907211,ETHEREUMTRANSACTION
12/18/2024,0.0.902,,-0.00035711,0.0.902-1734560973-802039284,ETHEREUMTRANSACTION
12/18/2024,0.0.5171756,,-0.01100190,0.0.902-1734560973-802039284,ETHEREUMTRANSACTION
12/18/2024,,0.0.8,+0.00001280,0.0.902-1734560973-802039284,ETHEREUMTRANSACTION
12/18/2024,,0.0.98,+0.01127735,0.0.902-1734560973-802039284,ETHEREUMTRANSACTION
12/18/2024,,0.0.800,+0.00003443,0.0.902-1734560973-802039284,ETHEREUMTRANSACTION
12/18/2024,,0.0.801,+0.00003443,0.0.902-1734560973-802039284,ETHEREUMTRANSACTION
12/18/2024,0.0.902,,-0.00036292,0.0.902-1734560980-528963739,ETHEREUMTRANSACTION
12/18/2024,0.0.5171756,,-0.04319940,0.0.902-1734560980-528963739,ETHEREUMTRANSACTION
12/18/2024,,0.0.3,+0.00001314,0.0.902-1734560980-528963739,ETHEREUMTRANSACTION
12/18/2024,,0.0.98,+0.04347924,0.0.902-1734560980-528963739,ETHEREUMTRANSACTION
12/18/2024,,0.0.800,+0.00003497,0.0.902-1734560980-528963739,ETHEREUMTRANSACTION
12/18/2024,,0.0.801,+0.00003497,0.0.902-1734560980-528963739,ETHEREUMTRANSACTION
12/18/2024,0.0.902,,-0.00035906,0.0.902-1734561043-923616834,ETHEREUMTRANSACTION
12/18/2024,0.0.5171756,,-0.02333430,0.0.902-1734561043-923616834,ETHEREUMTRANSACTION
12/18/2024,,0.0.6,+0.00001291,0.0.902-1734561043-923616834,ETHEREUMTRANSACTION
12/18/2024,,0.0.98,+0.02361123,0.0.902-1734561043-923616834,ETHEREUMTRANSACTION
12/18/2024,,0.0.800,+0.00003461,0.0.902-1734561043-923616834,ETHEREUMTRANSACTION
12/18/2024,,0.0.801,+0.00003461,0.0.902-1734561043-923616834,ETHEREUMTRANSACTION
12/18/2024,0.0.902,,-0.00035711,0.0.902-1734561063-456684878,ETHEREUMTRANSACTION
12/18/2024,0.0.5171756,,-0.01100190,0.0.902-1734561063-456684878,ETHEREUMTRANSACTION
12/18/2024,,0.0.4,+0.00001280,0.0.902-1734561063-456684878,ETHEREUMTRANSACTION
12/18/2024,,0.0.98,+0.01127735,0.0.902-1734561063-456684878,ETHEREUMTRANSACTION
12/18/2024,,0.0.800,+0.00003443,0.0.902-1734561063-456684878,ETHEREUMTRANSACTION
12/18/2024,,0.0.801,+0.00003443,0.0.902-1734561063-456684878,ETHEREUMTRANSACTION
12/18/2024,0.0.902,,-0.00035906,0.0.902-1734561634-210937659,ETHEREUMTRANSACTION
12/18/2024,0.0.5171756,,-0.02333430,0.0.902-1734561634-210937659,ETHEREUMTRANSACTION
12/18/2024,,0.0.9,+0.00001291,0.0.902-1734561634-210937659,ETHEREUMTRANSACTION
12/18/2024,,0.0.98,+0.02361123,0.0.902-1734561634-210937659,ETHEREUMTRANSACTION
12/18/2024,,0.0.800,+0.00003461,0.0.902-1734561634-210937659,ETHEREUMTRANSACTION
12/18/2024,,0.0.801,+0.00003461,0.0.902-1734561634-210937659,ETHEREUMTRANSACTION
12/18/2024,0.0.902,,-0.00035711,0.0.902-1734561641-671789485,ETHEREUMTRANSACTION
12/18/2024,0.0.5171756,,-0.01100190,0.0.902-1734561641-671789485,ETHEREUMTRANSACTION
12/18/2024,,0.0.9,+0.00001280,0.0.902-1734561641-671789485,ETHEREUMTRANSACTION
12/18/2024,,0.0.98,+0.01127735,0.0.902-1734561641-671789485,ETHEREUMTRANSACTION
12/18/2024,,0.0.800,+0.00003443,0.0.902-1734561641-671789485,ETHEREUMTRANSACTION
12/18/2024,,0.0.801,+0.00003443,0.0.902-1734561641-671789485,ETHEREUMTRANSACTION
12/18/2024,0.0.902,,-0.00036292,0.0.902-1734561656-615692904,ETHEREUMTRANSACTION
12/18/2024,0.0.5171756,,-0.04319940,0.0.902-1734561656-615692904,ETHEREUMTRANSACTION
12/18/2024,,0.0.3,+0.00001314,0.0.902-1734561656-615692904,ETHEREUMTRANSACTION
12/18/2024,,0.0.98,+0.04347924,0.0.902-1734561656-615692904,ETHEREUMTRANSACTION
12/18/2024,,0.0.800,+0.00003497,0.0.902-1734561656-615692904,ETHEREUMTRANSACTION
12/18/2024,,0.0.801,+0.00003497,0.0.902-1734561656-615692904,ETHEREUMTRANSACTION
12/19/2024,0.0.902,,-0.00034934,0.0.902-1734563914-901695744,ETHEREUMTRANSACTION
12/19/2024,0.0.5171756,,-0.04379310,0.0.902-1734563914-901695744,ETHEREUMTRANSACTION
12/19/2024,,0.0.7,+0.00001235,0.0.902-1734563914-901695744,ETHEREUMTRANSACTION
12/19/2024,,0.0.98,+0.04406271,0.0.902-1734563914-901695744,ETHEREUMTRANSACTION
12/19/2024,,0.0.800,+0.00003369,0.0.902-1734563914-901695744,ETHEREUMTRANSACTION
12/19/2024,,0.0.801,+0.00003369,0.0.902-1734563914-901695744,ETHEREUMTRANSACTION
12/19/2024,0.0.902,,-0.00055071,0.0.902-1734563925-174048893,ETHEREUMTRANSACTION
12/19/2024,0.0.5171756,,-0.03116760,0.0.902-1734563925-174048893,ETHEREUMTRANSACTION
12/19/2024,,0.0.7,+0.00002419,0.0.902-1734563925-174048893,ETHEREUMTRANSACTION
12/19/2024,,0.0.98,+0.03158882,0.0.902-1734563925-174048893,ETHEREUMTRANSACTION
12/19/2024,,0.0.800,+0.00005265,0.0.902-1734563925-174048893,ETHEREUMTRANSACTION
12/19/2024,,0.0.801,+0.00005265,0.0.902-1734563925-174048893,ETHEREUMTRANSACTION
12/19/2024,0.0.902,,-0.00049484,0.0.902-1734563930-339123648,ETHEREUMTRANSACTION
12/19/2024,0.0.5171756,,-0.02678220,0.0.902-1734563930-339123648,ETHEREUMTRANSACTION
12/19/2024,,0.0.8,+0.00002091,0.0.902-1734563930-339123648,ETHEREUMTRANSACTION
12/19/2024,,0.0.98,+0.02716135,0.0.902-1734563930-339123648,ETHEREUMTRANSACTION
12/19/2024,,0.0.800,+0.00004739,0.0.902-1734563930-339123648,ETHEREUMTRANSACTION
12/19/2024,,0.0.801,+0.00004739,0.0.902-1734563930-339123648,ETHEREUMTRANSACTION
12/19/2024,0.0.902,,-0.00057343,0.0.902-1734563938-433544838,ETHEREUMTRANSACTION
12/19/2024,0.0.5171756,,-0.03306570,0.0.902-1734563938-433544838,ETHEREUMTRANSACTION
12/19/2024,,0.0.6,+0.00002553,0.0.902-1734563938-433544838,ETHEREUMTRANSACTION
12/19/2024,,0.0.98,+0.03350402,0.0.902-1734563938-433544838,ETHEREUMTRANSACTION
12/19/2024,,0.0.800,+0.00005479,0.0.902-1734563938-433544838,ETHEREUMTRANSACTION
12/19/2024,,0.0.801,+0.00005479,0.0.902-1734563938-433544838,ETHEREUMTRANSACTION
12/19/2024,0.0.902,,-0.00054726,0.0.902-1734570280-531109757,ETHEREUMTRANSACTION
12/19/2024,0.0.5171756,,-0.03749388,0.0.902-1734570280-531109757,ETHEREUMTRANSACTION
12/19/2024,,0.0.8,+0.00002378,0.0.902-1734570280-531109757,ETHEREUMTRANSACTION
12/19/2024,,0.0.98,+0.03791268,0.0.902-1734570280-531109757,ETHEREUMTRANSACTION
12/19/2024,,0.0.800,+0.00005234,0.0.902-1734570280-531109757,ETHEREUMTRANSACTION
12/19/2024,,0.0.801,+0.00005234,0.0.902-1734570280-531109757,ETHEREUMTRANSACTION
12/19/2024,0.0.902,,-0.00043442,0.0.902-1734570288-533699735,ETHEREUMTRANSACTION
12/19/2024,0.0.5171756,,-0.02239781,0.0.902-1734570288-533699735,ETHEREUMTRANSACTION
12/19/2024,,0.0.3,+0.00001715,0.0.902-1734570288-533699735,ETHEREUMTRANSACTION
12/19/2024,,0.0.98,+0.02273164,0.0.902-1734570288-533699735,ETHEREUMTRANSACTION
12/19/2024,,0.0.800,+0.00004172,0.0.902-1734570288-533699735,ETHEREUMTRANSACTION
12/19/2024,,0.0.801,+0.00004172,0.0.902-1734570288-533699735,ETHEREUMTRANSACTION
12/19/2024,0.0.902,,-0.00060162,0.0.902-1734570293-872617919,ETHEREUMTRANSACTION
12/19/2024,0.0.5171756,,-0.04177932,0.0.902-1734570293-872617919,ETHEREUMTRANSACTION
12/19/2024,,0.0.8,+0.00002698,0.0.902-1734570293-872617919,ETHEREUMTRANSACTION
12/19/2024,,0.0.98,+0.04223904,0.0.902-1734570293-872617919,ETHEREUMTRANSACTION
12/19/2024,,0.0.800,+0.00005746,0.0.902-1734570293-872617919,ETHEREUMTRANSACTION
12/19/2024,,0.0.801,+0.00005746,0.0.902-1734570293-872617919,ETHEREUMTRANSACTION
12/19/2024,0.0.902,,-0.00035811,0.0.902-1734570411-321343106,ETHEREUMTRANSACTION
12/19/2024,0.0.5171756,,-0.04524915,0.0.902-1734570411-321343106,ETHEREUMTRANSACTION
12/19/2024,,0.0.4,+0.00001266,0.0.902-1734570411-321343106,ETHEREUMTRANSACTION
12/19/2024,,0.0.98,+0.04552552,0.0.902-1734570411-321343106,ETHEREUMTRANSACTION
12/19/2024,,0.0.800,+0.00003454,0.0.902-1734570411-321343106,ETHEREUMTRANSACTION
12/19/2024,,0.0.801,+0.00003454,0.0.902-1734570411-321343106,ETHEREUMTRANSACTION
12/19/2024,0.0.902,,-0.00060162,0.0.902-1734570420-233076402,ETHEREUMTRANSACTION
12/19/2024,0.0.5171756,,-0.04177932,0.0.902-1734570420-233076402,ETHEREUMTRANSACTION
12/19/2024,,0.0.6,+0.00002698,0.0.902-1734570420-233076402,ETHEREUMTRANSACTION
12/19/2024,,0.0.98,+0.04223904,0.0.902-1734570420-233076402,ETHEREUMTRANSACTION
12/19/2024,,0.0.800,+0.00005746,0.0.902-1734570420-233076402,ETHEREUMTRANSACTION
12/19/2024,,0.0.801,+0.00005746,0.0.902-1734570420-233076402,ETHEREUMTRANSACTION
12/19/2024,0.0.902,,-0.00054726,0.0.902-1734570428-261669146,ETHEREUMTRANSACTION
12/19/2024,0.0.5171756,,-0.03749388,0.0.902-1734570428-261669146,ETHEREUMTRANSACTION
12/19/2024,,0.0.9,+0.00002378,0.0.902-1734570428-261669146,ETHEREUMTRANSACTION
12/19/2024,,0.0.98,+0.03791268,0.0.902-1734570428-261669146,ETHEREUMTRANSACTION
12/19/2024,,0.0.800,+0.00005234,0.0.902-1734570428-261669146,ETHEREUMTRANSACTION
12/19/2024,,0.0.801,+0.00005234,0.0.902-1734570428-261669146,ETHEREUMTRANSACTION
12/19/2024,0.0.902,,-0.00043442,0.0.902-1734570441-232529582,ETHEREUMTRANSACTION
12/19/2024,0.0.5171756,,-0.02239781,0.0.902-1734570441-232529582,ETHEREUMTRANSACTION
12/19/2024,,0.0.3,+0.00001715,0.0.902-1734570441-232529582,ETHEREUMTRANSACTION
12/19/2024,,0.0.98,+0.02273164,0.0.902-1734570441-232529582,ETHEREUMTRANSACTION
12/19/2024,,0.0.800,+0.00004172,0.0.902-1734570441-232529582,ETHEREUMTRANSACTION
12/19/2024,,0.0.801,+0.00004172,0.0.902-1734570441-232529582,ETHEREUMTRANSACTION
12/19/2024,0.0.902,,-0.00035811,0.0.902-1734570611-692982450,ETHEREUMTRANSACTION
12/19/2024,0.0.5171756,,-0.04524915,0.0.902-1734570611-692982450,ETHEREUMTRANSACTION
12/19/2024,,0.0.3,+0.00001266,0.0.902-1734570611-692982450,ETHEREUMTRANSACTION
12/19/2024,,0.0.98,+0.04552552,0.0.902-1734570611-692982450,ETHEREUMTRANSACTION
12/19/2024,,0.0.800,+0.00003454,0.0.902-1734570611-692982450,ETHEREUMTRANSACTION
12/19/2024,,0.0.801,+0.00003454,0.0.902-1734570611-692982450,ETHEREUMTRANSACTION
12/19/2024,0.0.902,,-0.00060162,0.0.902-1734570618-977692310,ETHEREUMTRANSACTION
12/19/2024,0.0.5171756,,-0.04177932,0.0.902-1734570618-977692310,ETHEREUMTRANSACTION
12/19/2024,,0.0.3,+0.00002698,0.0.902-1734570618-977692310,ETHEREUMTRANSACTION
12/19/2024,,0.0.98,+0.04223904,0.0.902-1734570618-977692310,ETHEREUMTRANSACTION
12/19/2024,,0.0.800,+0.00005746,0.0.902-1734570618-977692310,ETHEREUMTRANSACTION
12/19/2024,,0.0.801,+0.00005746,0.0.902-1734570618-977692310,ETHEREUMTRANSACTION
12/19/2024,0.0.902,,-0.00054726,0.0.902-1734570622-617096700,ETHEREUMTRANSACTION
12/19/2024,0.0.5171756,,-0.03749388,0.0.902-1734570622-617096700,ETHEREUMTRANSACTION
12/19/2024,,0.0.3,+0.00002378,0.0.902-1734570622-617096700,ETHEREUMTRANSACTION
12/19/2024,,0.0.98,+0.03791268,0.0.902-1734570622-617096700,ETHEREUMTRANSACTION
12/19/2024,,0.0.800,+0.00005234,0.0.902-1734570622-617096700,ETHEREUMTRANSACTION
12/19/2024,,0.0.801,+0.00005234,0.0.902-1734570622-617096700,ETHEREUMTRANSACTION
12/19/2024,0.0.902,,-0.00043442,0.0.902-1734570630-265867826,ETHEREUMTRANSACTION
12/19/2024,0.0.5171756,,-0.02239781,0.0.902-1734570630-265867826,ETHEREUMTRANSACTION
12/19/2024,,0.0.7,+0.00001715,0.0.902-1734570630-265867826,ETHEREUMTRANSACTION
12/19/2024,,0.0.98,+0.02273164,0.0.902-1734570630-265867826,ETHEREUMTRANSACTION
12/19/2024,,0.0.800,+0.00004172,0.0.902-1734570630-265867826,ETHEREUMTRANSACTION
12/19/2024,,0.0.801,+0.00004172,0.0.902-1734570630-265867826,ETHEREUMTRANSACTION
12/19/2024,0.0.902,,-0.00058034,0.0.902-1734570641-393941942,ETHEREUMTRANSACTION
12/19/2024,0.0.5171756,,-0.06167605,0.0.902-1734570641-393941942,ETHEREUMTRANSACTION
12/19/2024,,0.0.8,+0.00002573,0.0.902-1734570641-393941942,ETHEREUMTRANSACTION
12/19/2024,,0.0.98,+0.06211974,0.0.902-1734570641-393941942,ETHEREUMTRANSACTION
12/19/2024,,0.0.800,+0.00005546,0.0.902-1734570641-393941942,ETHEREUMTRANSACTION
12/19/2024,,0.0.801,+0.00005546,0.0.902-1734570641-393941942,ETHEREUMTRANSACTION
12/19/2024,0.0.902,,-0.00035811,0.0.902-1734570935-669886242,ETHEREUMTRANSACTION
12/19/2024,0.0.5171756,,-0.04524915,0.0.902-1734570935-669886242,ETHEREUMTRANSACTION
12/19/2024,,0.0.9,+0.00001266,0.0.902-1734570935-669886242,ETHEREUMTRANSACTION
12/19/2024,,0.0.98,+0.04552552,0.0.902-1734570935-669886242,ETHEREUMTRANSACTION
12/19/2024,,0.0.800,+0.00003454,0.0.902-1734570935-669886242,ETHEREUMTRANSACTION
12/19/2024,,0.0.801,+0.00003454,0.0.902-1734570935-669886242,ETHEREUMTRANSACTION
12/19/2024,0.0.902,,-0.00060162,0.0.902-1734570951-679304391,ETHEREUMTRANSACTION
12/19/2024,0.0.5171756,,-0.04177932,0.0.902-1734570951-679304391,ETHEREUMTRANSACTION
12/19/2024,,0.0.8,+0.00002698,0.0.902-1734570951-679304391,ETHEREUMTRANSACTION
12/19/2024,,0.0.98,+0.04223904,0.0.902-1734570951-679304391,ETHEREUMTRANSACTION
12/19/2024,,0.0.800,+0.00005746,0.0.902-1734570951-679304391,ETHEREUMTRANSACTION
12/19/2024,,0.0.801,+0.00005746,0.0.902-1734570951-679304391,ETHEREUMTRANSACTION
12/19/2024,0.0.902,,-0.00054726,0.0.902-1734570960-617392909,ETHEREUMTRANSACTION
12/19/2024,0.0.5171756,,-0.03749388,0.0.902-1734570960-617392909,ETHEREUMTRANSACTION
12/19/2024,,0.0.8,+0.00002378,0.0.902-1734570960-617392909,ETHEREUMTRANSACTION
12/19/2024,,0.0.98,+0.03791268,0.0.902-1734570960-617392909,ETHEREUMTRANSACTION
12/19/2024,,0.0.800,+0.00005234,0.0.902-1734570960-617392909,ETHEREUMTRANSACTION
12/19/2024,,0.0.801,+0.00005234,0.0.902-1734570960-617392909,ETHEREUMTRANSACTION
12/19/2024,0.0.902,,-0.00043447,0.0.902-1734570978-205678225,ETHEREUMTRANSACTION
12/19/2024,0.0.5171756,,-0.02239781,0.0.902-1734570978-205678225,ETHEREUMTRANSACTION
12/19/2024,,0.0.4,+0.00001715,0.0.902-1734570978-205678225,ETHEREUMTRANSACTION
12/19/2024,,0.0.98,+0.02273167,0.0.902-1734570978-205678225,ETHEREUMTRANSACTION
12/19/2024,,0.0.800,+0.00004173,0.0.902-1734570978-205678225,ETHEREUMTRANSACTION
12/19/2024,,0.0.801,+0.00004173,0.0.902-1734570978-205678225,ETHEREUMTRANSACTION
12/19/2024,0.0.902,,-0.00058040,0.0.902-1734570983-468936601,ETHEREUMTRANSACTION
12/19/2024,0.0.5171756,,-0.06167605,0.0.902-1734570983-468936601,ETHEREUMTRANSACTION
12/19/2024,,0.0.3,+0.00002573,0.0.902-1734570983-468936601,ETHEREUMTRANSACTION
12/19/2024,,0.0.98,+0.06211980,0.0.902-1734570983-468936601,ETHEREUMTRANSACTION
12/19/2024,,0.0.800,+0.00005546,0.0.902-1734570983-468936601,ETHEREUMTRANSACTION
12/19/2024,,0.0.801,+0.00005546,0.0.902-1734570983-468936601,ETHEREUMTRANSACTION
12/19/2024,0.0.902,,-0.00037361,0.0.902-1734571474-490029954,ETHEREUMTRANSACTION
12/19/2024,0.0.5171756,,-0.02457277,0.0.902-1734571474-490029954,ETHEREUMTRANSACTION
12/19/2024,,0.0.3,+0.00001357,0.0.902-1734571474-490029954,ETHEREUMTRANSACTION
12/19/2024,,0.0.98,+0.02486081,0.0.902-1734571474-490029954,ETHEREUMTRANSACTION
12/19/2024,,0.0.800,+0.00003600,0.0.902-1734571474-490029954,ETHEREUMTRANSACTION
12/19/2024,,0.0.801,+0.00003600,0.0.902-1734571474-490029954,ETHEREUMTRANSACTION
12/19/2024,0.0.902,,-0.00034082,0.0.902-1734600205-446450503,ETHEREUMTRANSACTION
12/19/2024,0.0.5171756,,-0.04232985,0.0.902-1734600205-446450503,ETHEREUMTRANSACTION
12/19/2024,,0.0.8,+0.00001205,0.0.902-1734600205-446450503,ETHEREUMTRANSACTION
12/19/2024,,0.0.98,+0.04259288,0.0.902-1734600205-446450503,ETHEREUMTRANSACTION
12/19/2024,,0.0.800,+0.00003287,0.0.902-1734600205-446450503,ETHEREUMTRANSACTION
12/19/2024,,0.0.801,+0.00003287,0.0.902-1734600205-446450503,ETHEREUMTRANSACTION
12/19/2024,0.0.902,,-0.00057254,0.0.902-1734600214-678145774,ETHEREUMTRANSACTION
12/19/2024,0.0.5171756,,-0.03908388,0.0.902-1734600214-678145774,ETHEREUMTRANSACTION
12/19/2024,,0.0.9,+0.00002568,0.0.902-1734600214-678145774,ETHEREUMTRANSACTION
12/19/2024,,0.0.98,+0.03952138,0.0.902-1734600214-678145774,ETHEREUMTRANSACTION
12/19/2024,,0.0.800,+0.00005468,0.0.902-1734600214-678145774,ETHEREUMTRANSACTION
12/19/2024,,0.0.801,+0.00005468,0.0.902-1734600214-678145774,ETHEREUMTRANSACTION
12/19/2024,0.0.902,,-0.00052082,0.0.902-1734600224-971541675,ETHEREUMTRANSACTION
12/19/2024,0.0.5171756,,-0.03507492,0.0.902-1734600224-971541675,ETHEREUMTRANSACTION
12/19/2024,,0.0.9,+0.00002264,0.0.902-1734600224-971541675,ETHEREUMTRANSACTION
12/19/2024,,0.0.98,+0.03547348,0.0.902-1734600224-971541675,ETHEREUMTRANSACTION
12/19/2024,,0.0.800,+0.00004981,0.0.902-1734600224-971541675,ETHEREUMTRANSACTION
12/19/2024,,0.0.801,+0.00004981,0.0.902-1734600224-971541675,ETHEREUMTRANSACTION
12/19/2024,0.0.902,,-0.00034082,0.0.902-1734600561-038581611,ETHEREUMTRANSACTION
12/19/2024,0.0.5171756,,-0.04232985,0.0.902-1734600561-038581611,ETHEREUMTRANSACTION
12/19/2024,,0.0.9,+0.00001205,0.0.902-1734600561-038581611,ETHEREUMTRANSACTION
12/19/2024,,0.0.98,+0.04259288,0.0.902-1734600561-038581611,ETHEREUMTRANSACTION
12/19/2024,,0.0.800,+0.00003287,0.0.902-1734600561-038581611,ETHEREUMTRANSACTION
12/19/2024,,0.0.801,+0.00003287,0.0.902-1734600561-038581611,ETHEREUMTRANSACTION
12/19/2024,0.0.902,,-0.00057254,0.0.902-1734600566-571899751,ETHEREUMTRANSACTION
12/19/2024,0.0.5171756,,-0.03908388,0.0.902-1734600566-571899751,ETHEREUMTRANSACTION
12/19/2024,,0.0.8,+0.00002568,0.0.902-1734600566-571899751,ETHEREUMTRANSACTION
12/19/2024,,0.0.98,+0.03952138,0.0.902-1734600566-571899751,ETHEREUMTRANSACTION
12/19/2024,,0.0.800,+0.00005468,0.0.902-1734600566-571899751,ETHEREUMTRANSACTION
12/19/2024,,0.0.801,+0.00005468,0.0.902-1734600566-571899751,ETHEREUMTRANSACTION
12/19/2024,0.0.902,,-0.00052082,0.0.902-1734600584-325147556,ETHEREUMTRANSACTION
12/19/2024,0.0.5171756,,-0.03507492,0.0.902-1734600584-325147556,ETHEREUMTRANSACTION
12/19/2024,,0.0.8,+0.00002264,0.0.902-1734600584-325147556,ETHEREUMTRANSACTION
12/19/2024,,0.0.98,+0.03547348,0.0.902-1734600584-325147556,ETHEREUMTRANSACTION
12/19/2024,,0.0.800,+0.00004981,0.0.902-1734600584-325147556,ETHEREUMTRANSACTION
12/19/2024,,0.0.801,+0.00004981,0.0.902-1734600584-325147556,ETHEREUMTRANSACTION
12/19/2024,0.0.902,,-0.00041343,0.0.902-1734600594-290010762,ETHEREUMTRANSACTION
12/19/2024,0.0.5171756,,-0.02095279,0.0.902-1734600594-290010762,ETHEREUMTRANSACTION
12/19/2024,,0.0.4,+0.00001632,0.0.902-1734600594-290010762,ETHEREUMTRANSACTION
12/19/2024,,0.0.98,+0.02127048,0.0.902-1734600594-290010762,ETHEREUMTRANSACTION
12/19/2024,,0.0.800,+0.00003971,0.0.902-1734600594-290010762,ETHEREUMTRANSACTION
12/19/2024,,0.0.801,+0.00003971,0.0.902-1734600594-290010762,ETHEREUMTRANSACTION
12/19/2024,0.0.902,,-0.00034082,0.0.902-1734602088-545726839,ETHEREUMTRANSACTION
12/19/2024,0.0.5171756,,-0.04232985,0.0.902-1734602088-545726839,ETHEREUMTRANSACTION
12/19/2024,,0.0.8,+0.00001205,0.0.902-1734602088-545726839,ETHEREUMTRANSACTION
12/19/2024,,0.0.98,+0.04259288,0.0.902-1734602088-545726839,ETHEREUMTRANSACTION
12/19/2024,,0.0.800,+0.00003287,0.0.902-1734602088-545726839,ETHEREUMTRANSACTION
12/19/2024,,0.0.801,+0.00003287,0.0.902-1734602088-545726839,ETHEREUMTRANSACTION
12/19/2024,0.0.902,,-0.00057254,0.0.902-1734602097-996039755,ETHEREUMTRANSACTION
12/19/2024,0.0.5171756,,-0.03908388,0.0.902-1734602097-996039755,ETHEREUMTRANSACTION
12/19/2024,,0.0.7,+0.00002568,0.0.902-1734602097-996039755,ETHEREUMTRANSACTION
12/19/2024,,0.0.98,+0.03952138,0.0.902-1734602097-996039755,ETHEREUMTRANSACTION
12/19/2024,,0.0.800,+0.00005468,0.0.902-1734602097-996039755,ETHEREUMTRANSACTION
12/19/2024,,0.0.801,+0.00005468,0.0.902-1734602097-996039755,ETHEREUMTRANSACTION
12/19/2024,0.0.902,,-0.00052082,0.0.902-1734602105-011301893,ETHEREUMTRANSACTION
12/19/2024,0.0.5171756,,-0.03507492,0.0.902-1734602105-011301893,ETHEREUMTRANSACTION
12/19/2024,,0.0.7,+0.00002264,0.0.902-1734602105-011301893,ETHEREUMTRANSACTION
12/19/2024,,0.0.98,+0.03547348,0.0.902-1734602105-011301893,ETHEREUMTRANSACTION
12/19/2024,,0.0.800,+0.00004981,0.0.902-1734602105-011301893,ETHEREUMTRANSACTION
12/19/2024,,0.0.801,+0.00004981,0.0.902-1734602105-011301893,ETHEREUMTRANSACTION
12/19/2024,0.0.902,,-0.00034082,0.0.902-1734602116-868089572,ETHEREUMTRANSACTION
12/19/2024,0.0.5171756,,-0.06238654,0.0.902-1734602116-868089572,ETHEREUMTRANSACTION
12/19/2024,,0.0.7,+0.00001205,0.0.902-1734602116-868089572,ETHEREUMTRANSACTION
12/19/2024,,0.0.98,+0.06264957,0.0.902-1734602116-868089572,ETHEREUMTRANSACTION
12/19/2024,,0.0.800,+0.00003287,0.0.902-1734602116-868089572,ETHEREUMTRANSACTION
12/19/2024,,0.0.801,+0.00003287,0.0.902-1734602116-868089572,ETHEREUMTRANSACTION
12/19/2024,0.0.902,,-0.00033023,0.0.902-1734611605-572478695,ETHEREUMTRANSACTION
12/19/2024,0.0.5171756,,-0.04087020,0.0.902-1734611605-572478695,ETHEREUMTRANSACTION
12/19/2024,,0.0.6,+0.00001167,0.0.902-1734611605-572478695,ETHEREUMTRANSACTION
12/19/2024,,0.0.98,+0.04112506,0.0.902-1734611605-572478695,ETHEREUMTRANSACTION
12/19/2024,,0.0.800,+0.00003185,0.0.902-1734611605-572478695,ETHEREUMTRANSACTION
12/19/2024,,0.0.801,+0.00003185,0.0.902-1734611605-572478695,ETHEREUMTRANSACTION
12/19/2024,0.0.902,,-0.00055477,0.0.902-1734611621-450269135,ETHEREUMTRANSACTION
12/19/2024,0.0.5171756,,-0.03773616,0.0.902-1734611621-450269135,ETHEREUMTRANSACTION
12/19/2024,,0.0.4,+0.00002488,0.0.902-1734611621-450269135,ETHEREUMTRANSACTION
12/19/2024,,0.0.98,+0.03816009,0.0.902-1734611621-450269135,ETHEREUMTRANSACTION
12/19/2024,,0.0.800,+0.00005298,0.0.902-1734611621-450269135,ETHEREUMTRANSACTION
12/19/2024,,0.0.801,+0.00005298,0.0.902-1734611621-450269135,ETHEREUMTRANSACTION
12/19/2024,0.0.902,,-0.00050464,0.0.902-1734611628-116491905,ETHEREUMTRANSACTION
12/19/2024,0.0.5171756,,-0.03386544,0.0.902-1734611628-116491905,ETHEREUMTRANSACTION
12/19/2024,,0.0.4,+0.00002193,0.0.902-1734611628-116491905,ETHEREUMTRANSACTION
12/19/2024,,0.0.98,+0.03425161,0.0.902-1734611628-116491905,ETHEREUMTRANSACTION
12/19/2024,,0.0.800,+0.00004827,0.0.902-1734611628-116491905,ETHEREUMTRANSACTION
12/19/2024,,0.0.801,+0.00004827,0.0.902-1734611628-116491905,ETHEREUMTRANSACTION
12/19/2024,0.0.902,,-0.00033023,0.0.902-1734611642-909735406,ETHEREUMTRANSACTION
12/19/2024,0.0.5171756,,-0.06023528,0.0.902-1734611642-909735406,ETHEREUMTRANSACTION
12/19/2024,,0.0.7,+0.00001167,0.0.902-1734611642-909735406,ETHEREUMTRANSACTION
12/19/2024,,0.0.98,+0.06049014,0.0.902-1734611642-909735406,ETHEREUMTRANSACTION
12/19/2024,,0.0.800,+0.00003185,0.0.902-1734611642-909735406,ETHEREUMTRANSACTION
12/19/2024,,0.0.801,+0.00003185,0.0.902-1734611642-909735406,ETHEREUMTRANSACTION
12/19/2024,0.0.902,,-0.00034674,0.0.902-1734614279-578736874,ETHEREUMTRANSACTION
12/19/2024,0.0.5171756,,-0.04753506,0.0.902-1734614279-578736874,ETHEREUMTRANSACTION
12/19/2024,,0.0.8,+0.00001255,0.0.902-1734614279-578736874,ETHEREUMTRANSACTION
12/19/2024,,0.0.98,+0.04780243,0.0.902-1734614279-578736874,ETHEREUMTRANSACTION
12/19/2024,,0.0.800,+0.00003341,0.0.902-1734614279-578736874,ETHEREUMTRANSACTION
12/19/2024,,0.0.801,+0.00003341,0.0.902-1734614279-578736874,ETHEREUMTRANSACTION
12/19/2024,0.0.902,,-0.00034707,0.0.902-1734623910-535435781,ETHEREUMTRANSACTION
12/19/2024,0.0.5171756,,-0.02698276,0.0.902-1734623910-535435781,ETHEREUMTRANSACTION
12/19/2024,,0.0.4,+0.00001261,0.0.902-1734623910-535435781,ETHEREUMTRANSACTION
12/19/2024,,0.0.98,+0.02725034,0.0.902-1734623910-535435781,ETHEREUMTRANSACTION
12/19/2024,,0.0.800,+0.00003344,0.0.902-1734623910-535435781,ETHEREUMTRANSACTION
12/19/2024,,0.0.801,+0.00003344,0.0.902-1734623910-535435781,ETHEREUMTRANSACTION
12/19/2024,0.0.902,,-0.00034936,0.0.902-1734626829-299540774,ETHEREUMTRANSACTION
12/19/2024,0.0.5171756,,-0.03363391,0.0.902-1734626829-299540774,ETHEREUMTRANSACTION
12/19/2024,,0.0.6,+0.00001265,0.0.902-1734626829-299540774,ETHEREUMTRANSACTION
12/19/2024,,0.0.98,+0.03390328,0.0.902-1734626829-299540774,ETHEREUMTRANSACTION
12/19/2024,,0.0.800,+0.00003367,0.0.902-1734626829-299540774,ETHEREUMTRANSACTION
12/19/2024,,0.0.801,+0.00003367,0.0.902-1734626829-299540774,ETHEREUMTRANSACTION
12/19/2024,0.0.902,,-0.00035687,0.0.902-1734631603-874979336,ETHEREUMTRANSACTION
12/19/2024,0.0.5171756,,-0.02298743,0.0.902-1734631603-874979336,ETHEREUMTRANSACTION
12/19/2024,,0.0.4,+0.00001296,0.0.902-1734631603-874979336,ETHEREUMTRANSACTION
12/19/2024,,0.0.98,+0.02326256,0.0.902-1734631603-874979336,ETHEREUMTRANSACTION
12/19/2024,,0.0.800,+0.00003439,0.0.902-1734631603-874979336,ETHEREUMTRANSACTION
12/19/2024,,0.0.801,+0.00003439,0.0.902-1734631603-874979336,ETHEREUMTRANSACTION
12/19/2024,0.0.902,,-0.00035118,0.0.902-1734631655-480986710,ETHEREUMTRANSACTION
12/19/2024,0.0.5171756,,-0.01425553,0.0.902-1734631655-480986710,ETHEREUMTRANSACTION
12/19/2024,,0.0.7,+0.00001263,0.0.902-1734631655-480986710,ETHEREUMTRANSACTION
12/19/2024,,0.0.98,+0.01452638,0.0.902-1734631655-480986710,ETHEREUMTRANSACTION
12/19/2024,,0.0.800,+0.00003385,0.0.902-1734631655-480986710,ETHEREUMTRANSACTION
12/19/2024,,0.0.801,+0.00003385,0.0.902-1734631655-480986710,ETHEREUMTRANSACTION
12/19/2024,0.0.902,,-0.00035501,0.0.902-1734631693-282514865,ETHEREUMTRANSACTION
12/19/2024,0.0.5171756,,-0.04257606,0.0.902-1734631693-282514865,ETHEREUMTRANSACTION
12/19/2024,,0.0.7,+0.00001285,0.0.902-1734631693-282514865,ETHEREUMTRANSACTION
12/19/2024,,0.0.98,+0.04284980,0.0.902-1734631693-282514865,ETHEREUMTRANSACTION
12/19/2024,,0.0.800,+0.00003421,0.0.902-1734631693-282514865,ETHEREUMTRANSACTION
12/19/2024,,0.0.801,+0.00003421,0.0.902-1734631693-282514865,ETHEREUMTRANSACTION
12/19/2024,0.0.902,,-0.00035501,0.0.902-1734631716-429319702,ETHEREUMTRANSACTION
12/19/2024,0.0.5171756,,-0.04257258,0.0.902-1734631716-429319702,ETHEREUMTRANSACTION
12/19/2024,,0.0.6,+0.00001285,0.0.902-1734631716-429319702,ETHEREUMTRANSACTION
12/19/2024,,0.0.98,+0.04284632,0.0.902-1734631716-429319702,ETHEREUMTRANSACTION
12/19/2024,,0.0.800,+0.00003421,0.0.902-1734631716-429319702,ETHEREUMTRANSACTION
12/19/2024,,0.0.801,+0.00003421,0.0.902-1734631716-429319702,ETHEREUMTRANSACTION
12/19/2024,0.0.902,,-0.00034746,0.0.902-1734632005-135784056,ETHEREUMTRANSACTION
12/19/2024,0.0.5171756,,-0.00957000,0.0.902-1734632005-135784056,ETHEREUMTRANSACTION
12/19/2024,,0.0.3,+0.00001241,0.0.902-1734632005-135784056,ETHEREUMTRANSACTION
12/19/2024,,0.0.98,+0.00983805,0.0.902-1734632005-135784056,ETHEREUMTRANSACTION
12/19/2024,,0.0.800,+0.00003350,0.0.902-1734632005-135784056,ETHEREUMTRANSACTION
12/19/2024,,0.0.801,+0.00003350,0.0.902-1734632005-135784056,ETHEREUMTRANSACTION
12/19/2024,0.0.902,,-0.00036560,0.0.902-1734635988-051925887,ETHEREUMTRANSACTION
12/19/2024,0.0.5171756,,-0.02333070,0.0.902-1734635988-051925887,ETHEREUMTRANSACTION
12/19/2024,,0.0.4,+0.00001315,0.0.902-1734635988-051925887,ETHEREUMTRANSACTION
12/19/2024,,0.0.98,+0.02361267,0.0.902-1734635988-051925887,ETHEREUMTRANSACTION
12/19/2024,,0.0.800,+0.00003524,0.0.902-1734635988-051925887,ETHEREUMTRANSACTION
12/19/2024,,0.0.801,+0.00003524,0.0.902-1734635988-051925887,ETHEREUMTRANSACTION
12/19/2024,0.0.902,,-0.00036167,0.0.902-1734636013-080745803,ETHEREUMTRANSACTION
12/19/2024,0.0.5171756,,-0.01001790,0.0.902-1734636013-080745803,ETHEREUMTRANSACTION
12/19/2024,,0.0.3,+0.00001292,0.0.902-1734636013-080745803,ETHEREUMTRANSACTION
12/19/2024,,0.0.98,+0.01029691,0.0.902-1734636013-080745803,ETHEREUMTRANSACTION
12/19/2024,,0.0.800,+0.00003487,0.0.902-1734636013-080745803,ETHEREUMTRANSACTION
12/19/2024,,0.0.801,+0.00003487,0.0.902-1734636013-080745803,ETHEREUMTRANSACTION
12/19/2024,0.0.902,,-0.00036167,0.0.902-1734636034-233865246,ETHEREUMTRANSACTION
12/19/2024,0.0.5171756,,-0.00779700,0.0.902-1734636034-233865246,ETHEREUMTRANSACTION
12/19/2024,,0.0.9,+0.00001292,0.0.902-1734636034-233865246,ETHEREUMTRANSACTION
12/19/2024,,0.0.98,+0.00807601,0.0.902-1734636034-233865246,ETHEREUMTRANSACTION
12/19/2024,,0.0.800,+0.00003487,0.0.902-1734636034-233865246,ETHEREUMTRANSACTION
12/19/2024,,0.0.801,+0.00003487,0.0.902-1734636034-233865246,ETHEREUMTRANSACTION
12/19/2024,0.0.902,,-0.00036167,0.0.902-1734638269-150629889,ETHEREUMTRANSACTION
12/19/2024,0.0.5171756,,-0.00801420,0.0.902-1734638269-150629889,ETHEREUMTRANSACTION
12/19/2024,,0.0.3,+0.00001292,0.0.902-1734638269-150629889,ETHEREUMTRANSACTION
12/19/2024,,0.0.98,+0.00829321,0.0.902-1734638269-150629889,ETHEREUMTRANSACTION
12/19/2024,,0.0.800,+0.00003487,0.0.902-1734638269-150629889,ETHEREUMTRANSACTION
12/19/2024,,0.0.801,+0.00003487,0.0.902-1734638269-150629889,ETHEREUMTRANSACTION
12/19/2024,0.0.902,,-0.00036238,0.0.902-1734641574-065199848,ETHEREUMTRANSACTION
12/19/2024,0.0.5171756,,-0.04524915,0.0.902-1734641574-065199848,ETHEREUMTRANSACTION
12/19/2024,,0.0.8,+0.00001281,0.0.902-1734641574-065199848,ETHEREUMTRANSACTION
12/19/2024,,0.0.98,+0.04552882,0.0.902-1734641574-065199848,ETHEREUMTRANSACTION
12/19/2024,,0.0.800,+0.00003495,0.0.902-1734641574-065199848,ETHEREUMTRANSACTION
12/19/2024,,0.0.801,+0.00003495,0.0.902-1734641574-065199848,ETHEREUMTRANSACTION
12/19/2024,0.0.902,,-0.00036238,0.0.902-1734641606-312188374,ETHEREUMTRANSACTION
12/19/2024,0.0.5171756,,-0.04524915,0.0.902-1734641606-312188374,ETHEREUMTRANSACTION
12/19/2024,,0.0.6,+0.00001281,0.0.902-1734641606-312188374,ETHEREUMTRANSACTION
12/19/2024,,0.0.98,+0.04552882,0.0.902-1734641606-312188374,ETHEREUMTRANSACTION
12/19/2024,,0.0.800,+0.00003495,0.0.902-1734641606-312188374,ETHEREUMTRANSACTION
12/19/2024,,0.0.801,+0.00003495,0.0.902-1734641606-312188374,ETHEREUMTRANSACTION
12/19/2024,0.0.902,,-0.00060876,0.0.902-1734641619-288928305,ETHEREUMTRANSACTION
12/19/2024,0.0.5171756,,-0.04177932,0.0.902-1734641619-288928305,ETHEREUMTRANSACTION
12/19/2024,,0.0.3,+0.00002730,0.0.902-1734641619-288928305,ETHEREUMTRANSACTION
12/19/2024,,0.0.98,+0.04224450,0.0.902-1734641619-288928305,ETHEREUMTRANSACTION
12/19/2024,,0.0.800,+0.00005814,0.0.902-1734641619-288928305,ETHEREUMTRANSACTION
12/19/2024,,0.0.801,+0.00005814,0.0.902-1734641619-288928305,ETHEREUMTRANSACTION
12/19/2024,0.0.902,,-0.00055377,0.0.902-1734641626-834724363,ETHEREUMTRANSACTION
12/19/2024,0.0.5171756,,-0.03749388,0.0.902-1734641626-834724363,ETHEREUMTRANSACTION
12/19/2024,,0.0.3,+0.00002407,0.0.902-1734641626-834724363,ETHEREUMTRANSACTION
12/19/2024,,0.0.98,+0.03791764,0.0.902-1734641626-834724363,ETHEREUMTRANSACTION
12/19/2024,,0.0.800,+0.00005297,0.0.902-1734641626-834724363,ETHEREUMTRANSACTION
12/19/2024,,0.0.801,+0.00005297,0.0.902-1734641626-834724363,ETHEREUMTRANSACTION
12/19/2024,0.0.902,,-0.00036238,0.0.902-1734641641-817674531,ETHEREUMTRANSACTION
12/19/2024,0.0.5171756,,-0.06551912,0.0.902-1734641641-817674531,ETHEREUMTRANSACTION
12/19/2024,,0.0.9,+0.00001281,0.0.902-1734641641-817674531,ETHEREUMTRANSACTION
12/19/2024,,0.0.98,+0.06579879,0.0.902-1734641641-817674531,ETHEREUMTRANSACTION
12/19/2024,,0.0.800,+0.00003495,0.0.902-1734641641-817674531,ETHEREUMTRANSACTION
12/19/2024,,0.0.801,+0.00003495,0.0.902-1734641641-817674531,ETHEREUMTRANSACTION
12/19/2024,0.0.902,,-0.00036238,0.0.902-1734641709-487519795,ETHEREUMTRANSACTION
12/19/2024,0.0.5171756,,-0.04524915,0.0.902-1734641709-487519795,ETHEREUMTRANSACTION
12/19/2024,,0.0.3,+0.00001281,0.0.902-1734641709-487519795,ETHEREUMTRANSACTION
12/19/2024,,0.0.98,+0.04552882,0.0.902-1734641709-487519795,ETHEREUMTRANSACTION
12/19/2024,,0.0.800,+0.00003495,0.0.902-1734641709-487519795,ETHEREUMTRANSACTION
12/19/2024,,0.0.801,+0.00003495,0.0.902-1734641709-487519795,ETHEREUMTRANSACTION
12/19/2024,0.0.902,,-0.00060876,0.0.902-1734641718-179659581,ETHEREUMTRANSACTION
12/19/2024,0.0.5171756,,-0.04177932,0.0.902-1734641718-179659581,ETHEREUMTRANSACTION
12/19/2024,,0.0.3,+0.00002730,0.0.902-1734641718-179659581,ETHEREUMTRANSACTION
12/19/2024,,0.0.98,+0.04224450,0.0.902-1734641718-179659581,ETHEREUMTRANSACTION
12/19/2024,,0.0.800,+0.00005814,0.0.902-1734641718-179659581,ETHEREUMTRANSACTION
12/19/2024,,0.0.801,+0.00005814,0.0.902-1734641718-179659581,ETHEREUMTRANSACTION
12/19/2024,0.0.902,,-0.00055352,0.0.902-1734641731-631325167,ETHEREUMTRANSACTION
12/19/2024,0.0.5171756,,-0.03749388,0.0.902-1734641731-631325167,ETHEREUMTRANSACTION
12/19/2024,,0.0.6,+0.00002405,0.0.902-1734641731-631325167,ETHEREUMTRANSACTION
12/19/2024,,0.0.98,+0.03791747,0.0.902-1734641731-631325167,ETHEREUMTRANSACTION
12/19/2024,,0.0.800,+0.00005294,0.0.902-1734641731-631325167,ETHEREUMTRANSACTION
12/19/2024,,0.0.801,+0.00005294,0.0.902-1734641731-631325167,ETHEREUMTRANSACTION
12/19/2024,0.0.902,,-0.00036214,0.0.902-1734641756-790082859,ETHEREUMTRANSACTION
12/19/2024,0.0.5171756,,-0.06551912,0.0.902-1734641756-790082859,ETHEREUMTRANSACTION
12/19/2024,,0.0.4,+0.00001280,0.0.902-1734641756-790082859,ETHEREUMTRANSACTION
12/19/2024,,0.0.98,+0.06579860,0.0.902-1734641756-790082859,ETHEREUMTRANSACTION
12/19/2024,,0.0.800,+0.00003493,0.0.902-1734641756-790082859,ETHEREUMTRANSACTION
12/19/2024,,0.0.801,+0.00003493,0.0.902-1734641756-790082859,ETHEREUMTRANSACTION
12/19/2024,0.0.902,,-0.00038031,0.0.902-1734643055-367494677,ETHEREUMTRANSACTION
12/19/2024,0.0.5171756,,-0.02245792,0.0.902-1734643055-367494677,ETHEREUMTRANSACTION
12/19/2024,,0.0.9,+0.00001363,0.0.902-1734643055-367494677,ETHEREUMTRANSACTION
12/19/2024,,0.0.98,+0.02275128,0.0.902-1734643055-367494677,ETHEREUMTRANSACTION
12/19/2024,,0.0.800,+0.00003666,0.0.902-1734643055-367494677,ETHEREUMTRANSACTION
12/19/2024,,0.0.801,+0.00003666,0.0.902-1734643055-367494677,ETHEREUMTRANSACTION
12/19/2024,0.0.902,,-0.00038025,0.0.902-1734643404-751837050,ETHEREUMTRANSACTION
12/19/2024,0.0.5171756,,-0.01698592,0.0.902-1734643404-751837050,ETHEREUMTRANSACTION
12/19/2024,,0.0.4,+0.00001363,0.0.902-1734643404-751837050,ETHEREUMTRANSACTION
12/19/2024,,0.0.98,+0.01727922,0.0.902-1734643404-751837050,ETHEREUMTRANSACTION
12/19/2024,,0.0.800,+0.00003666,0.0.902-1734643404-751837050,ETHEREUMTRANSACTION
12/19/2024,,0.0.801,+0.00003666,0.0.902-1734643404-751837050,ETHEREUMTRANSACTION
12/19/2024,0.0.902,,-0.00038025,0.0.902-1734643915-015984209,ETHEREUMTRANSACTION
12/19/2024,0.0.5171756,,-0.01698592,0.0.902-1734643915-015984209,ETHEREUMTRANSACTION
12/19/2024,,0.0.9,+0.00001363,0.0.902-1734643915-015984209,ETHEREUMTRANSACTION
12/19/2024,,0.0.98,+0.01727922,0.0.902-1734643915-015984209,ETHEREUMTRANSACTION
12/19/2024,,0.0.800,+0.00003666,0.0.902-1734643915-015984209,ETHEREUMTRANSACTION
12/19/2024,,0.0.801,+0.00003666,0.0.902-1734643915-015984209,ETHEREUMTRANSACTION
12/19/2024,0.0.902,,-0.00038031,0.0.902-1734643995-585532531,ETHEREUMTRANSACTION
12/19/2024,0.0.5171756,,-0.02349920,0.0.902-1734643995-585532531,ETHEREUMTRANSACTION
12/19/2024,,0.0.8,+0.00001363,0.0.902-1734643995-585532531,ETHEREUMTRANSACTION
12/19/2024,,0.0.98,+0.02379256,0.0.902-1734643995-585532531,ETHEREUMTRANSACTION
12/19/2024,,0.0.800,+0.00003666,0.0.902-1734643995-585532531,ETHEREUMTRANSACTION
12/19/2024,,0.0.801,+0.00003666,0.0.902-1734643995-585532531,ETHEREUMTRANSACTION
12/19/2024,0.0.902,,-0.00038644,0.0.902-1734644047-666350051,ETHEREUMTRANSACTION
12/19/2024,0.0.5171756,,-0.03711328,0.0.902-1734644047-666350051,ETHEREUMTRANSACTION
12/19/2024,,0.0.6,+0.00001399,0.0.902-1734644047-666350051,ETHEREUMTRANSACTION
12/19/2024,,0.0.98,+0.03741125,0.0.902-1734644047-666350051,ETHEREUMTRANSACTION
12/19/2024,,0.0.800,+0.00003724,0.0.902-1734644047-666350051,ETHEREUMTRANSACTION
12/19/2024,,0.0.801,+0.00003724,0.0.902-1734644047-666350051,ETHEREUMTRANSACTION
12/19/2024,0.0.902,,-0.00038025,0.0.902-1734644985-936185607,ETHEREUMTRANSACTION
12/19/2024,0.0.5171756,,-0.01698592,0.0.902-1734644985-936185607,ETHEREUMTRANSACTION
12/19/2024,,0.0.6,+0.00001363,0.0.902-1734644985-936185607,ETHEREUMTRANSACTION
12/19/2024,,0.0.98,+0.01727922,0.0.902-1734644985-936185607,ETHEREUMTRANSACTION
12/19/2024,,0.0.800,+0.00003666,0.0.902-1734644985-936185607,ETHEREUMTRANSACTION
12/19/2024,,0.0.801,+0.00003666,0.0.902-1734644985-936185607,ETHEREUMTRANSACTION
12/19/2024,0.0.902,,-0.00038025,0.0.902-1734645265-210374974,ETHEREUMTRANSACTION
12/19/2024,0.0.5171756,,-0.01698592,0.0.902-1734645265-210374974,ETHEREUMTRANSACTION
12/19/2024,,0.0.4,+0.00001363,0.0.902-1734645265-210374974,ETHEREUMTRANSACTION
12/19/2024,,0.0.98,+0.01727922,0.0.902-1734645265-210374974,ETHEREUMTRANSACTION
12/19/2024,,0.0.800,+0.00003666,0.0.902-1734645265-210374974,ETHEREUMTRANSACTION
12/19/2024,,0.0.801,+0.00003666,0.0.902-1734645265-210374974,ETHEREUMTRANSACTION
12/19/2024,0.0.902,,-0.00038644,0.0.902-1734645328-139649512,ETHEREUMTRANSACTION
12/19/2024,0.0.5171756,,-0.03164128,0.0.902-1734645328-139649512,ETHEREUMTRANSACTION
12/19/2024,,0.0.6,+0.00001399,0.0.902-1734645328-139649512,ETHEREUMTRANSACTION
12/19/2024,,0.0.98,+0.03193925,0.0.902-1734645328-139649512,ETHEREUMTRANSACTION
12/19/2024,,0.0.800,+0.00003724,0.0.902-1734645328-139649512,ETHEREUMTRANSACTION
12/19/2024,,0.0.801,+0.00003724,0.0.902-1734645328-139649512,ETHEREUMTRANSACTION
12/19/2024,0.0.902,,-0.00038697,0.0.902-1734646683-430107109,ETHEREUMTRANSACTION
12/19/2024,0.0.5171756,,-0.03163744,0.0.902-1734646683-430107109,ETHEREUMTRANSACTION
12/19/2024,,0.0.9,+0.00001401,0.0.902-1734646683-430107109,ETHEREUMTRANSACTION
12/19/2024,,0.0.98,+0.03193582,0.0.902-1734646683-430107109,ETHEREUMTRANSACTION
12/19/2024,,0.0.800,+0.00003729,0.0.902-1734646683-430107109,ETHEREUMTRANSACTION
12/19/2024,,0.0.801,+0.00003729,0.0.902-1734646683-430107109,ETHEREUMTRANSACTION
12/19/2024,0.0.902,,-0.00038697,0.0.902-1734648076-710952794,ETHEREUMTRANSACTION
12/19/2024,0.0.5171756,,-0.03162592,0.0.902-1734648076-710952794,ETHEREUMTRANSACTION
12/19/2024,,0.0.8,+0.00001401,0.0.902-1734648076-710952794,ETHEREUMTRANSACTION
12/19/2024,,0.0.98,+0.03192430,0.0.902-1734648076-710952794,ETHEREUMTRANSACTION
12/19/2024,,0.0.800,+0.00003729,0.0.902-1734648076-710952794,ETHEREUMTRANSACTION
12/19/2024,,0.0.801,+0.00003729,0.0.902-1734648076-710952794,ETHEREUMTRANSACTION
12/20/2024,0.0.902,,-0.00038325,0.0.902-1734650325-388053953,ETHEREUMTRANSACTION
12/20/2024,0.0.5171756,,-0.03162592,0.0.902-1734650325-388053953,ETHEREUMTRANSACTION
12/20/2024,,0.0.9,+0.00001388,0.0.902-1734650325-388053953,ETHEREUMTRANSACTION
12/20/2024,,0.0.98,+0.03192143,0.0.902-1734650325-388053953,ETHEREUMTRANSACTION
12/20/2024,,0.0.800,+0.00003693,0.0.902-1734650325-388053953,ETHEREUMTRANSACTION
12/20/2024,,0.0.801,+0.00003693,0.0.902-1734650325-388053953,ETHEREUMTRANSACTION
12/20/2024,0.0.902,,-0.00038800,0.0.902-1734693347-901674271,ETHEREUMTRANSACTION
12/20/2024,0.0.5171756,,-0.01751673,0.0.902-1734693347-901674271,ETHEREUMTRANSACTION
12/20/2024,,0.0.6,+0.00001390,0.0.902-1734693347-901674271,ETHEREUMTRANSACTION
12/20/2024,,0.0.98,+0.01781601,0.0.902-1734693347-901674271,ETHEREUMTRANSACTION
12/20/2024,,0.0.800,+0.00003741,0.0.902-1734693347-901674271,ETHEREUMTRANSACTION
12/20/2024,,0.0.801,+0.00003741,0.0.902-1734693347-901674271,ETHEREUMTRANSACTION
12/20/2024,0.0.902,,-0.00039639,0.0.902-1734693375-436576092,ETHEREUMTRANSACTION
12/20/2024,0.0.5171756,,-0.03179715,0.0.902-1734693375-436576092,ETHEREUMTRANSACTION
12/20/2024,,0.0.4,+0.00001440,0.0.902-1734693375-436576092,ETHEREUMTRANSACTION
12/20/2024,,0.0.98,+0.03210276,0.0.902-1734693375-436576092,ETHEREUMTRANSACTION
12/20/2024,,0.0.800,+0.00003819,0.0.902-1734693375-436576092,ETHEREUMTRANSACTION
12/20/2024,,0.0.801,+0.00003819,0.0.902-1734693375-436576092,ETHEREUMTRANSACTION
12/20/2024,0.0.902,,-0.00038800,0.0.902-1734694130-833043953,ETHEREUMTRANSACTION
12/20/2024,0.0.5171756,,-0.01751673,0.0.902-1734694130-833043953,ETHEREUMTRANSACTION
12/20/2024,,0.0.4,+0.00001390,0.0.902-1734694130-833043953,ETHEREUMTRANSACTION
12/20/2024,,0.0.98,+0.01781601,0.0.902-1734694130-833043953,ETHEREUMTRANSACTION
12/20/2024,,0.0.800,+0.00003741,0.0.902-1734694130-833043953,ETHEREUMTRANSACTION
12/20/2024,,0.0.801,+0.00003741,0.0.902-1734694130-833043953,ETHEREUMTRANSACTION
12/20/2024,0.0.902,,-0.00038800,0.0.902-1734694175-966872796,ETHEREUMTRANSACTION
12/20/2024,0.0.5171756,,-0.01751673,0.0.902-1734694175-966872796,ETHEREUMTRANSACTION
12/20/2024,,0.0.8,+0.00001390,0.0.902-1734694175-966872796,ETHEREUMTRANSACTION
12/20/2024,,0.0.98,+0.01781601,0.0.902-1734694175-966872796,ETHEREUMTRANSACTION
12/20/2024,,0.0.800,+0.00003741,0.0.902-1734694175-966872796,ETHEREUMTRANSACTION
12/20/2024,,0.0.801,+0.00003741,0.0.902-1734694175-966872796,ETHEREUMTRANSACTION
12/20/2024,0.0.902,,-0.00038800,0.0.902-1734694186-487445572,ETHEREUMTRANSACTION
12/20/2024,0.0.5171756,,-0.01294755,0.0.902-1734694186-487445572,ETHEREUMTRANSACTION
12/20/2024,,0.0.4,+0.00001390,0.0.902-1734694186-487445572,ETHEREUMTRANSACTION
12/20/2024,,0.0.98,+0.01324683,0.0.902-1734694186-487445572,ETHEREUMTRANSACTION
12/20/2024,,0.0.800,+0.00003741,0.0.902-1734694186-487445572,ETHEREUMTRANSACTION
12/20/2024,,0.0.801,+0.00003741,0.0.902-1734694186-487445572,ETHEREUMTRANSACTION
12/20/2024,0.0.902,,-0.00038800,0.0.902-1734694738-296000061,ETHEREUMTRANSACTION
12/20/2024,0.0.5171756,,-0.01751673,0.0.902-1734694738-296000061,ETHEREUMTRANSACTION
12/20/2024,,0.0.7,+0.00001390,0.0.902-1734694738-296000061,ETHEREUMTRANSACTION
12/20/2024,,0.0.98,+0.01781601,0.0.902-1734694738-296000061,ETHEREUMTRANSACTION
12/20/2024,,0.0.800,+0.00003741,0.0.902-1734694738-296000061,ETHEREUMTRANSACTION
12/20/2024,,0.0.801,+0.00003741,0.0.902-1734694738-296000061,ETHEREUMTRANSACTION
12/20/2024,0.0.902,,-0.00040319,0.0.902-1734696245-537115902,ETHEREUMTRANSACTION
12/20/2024,0.0.5171756,,-0.01804754,0.0.902-1734696245-537115902,ETHEREUMTRANSACTION
12/20/2024,,0.0.8,+0.00001445,0.0.902-1734696245-537115902,ETHEREUMTRANSACTION
12/20/2024,,0.0.98,+0.01835854,0.0.902-1734696245-537115902,ETHEREUMTRANSACTION
12/20/2024,,0.0.800,+0.00003887,0.0.902-1734696245-537115902,ETHEREUMTRANSACTION
12/20/2024,,0.0.801,+0.00003887,0.0.902-1734696245-537115902,ETHEREUMTRANSACTION
12/20/2024,0.0.902,,-0.00040319,0.0.902-1734697362-686097877,ETHEREUMTRANSACTION
12/20/2024,0.0.5171756,,-0.01804754,0.0.902-1734697362-686097877,ETHEREUMTRANSACTION
12/20/2024,,0.0.6,+0.00001445,0.0.902-1734697362-686097877,ETHEREUMTRANSACTION
12/20/2024,,0.0.98,+0.01835854,0.0.902-1734697362-686097877,ETHEREUMTRANSACTION
12/20/2024,,0.0.800,+0.00003887,0.0.902-1734697362-686097877,ETHEREUMTRANSACTION
12/20/2024,,0.0.801,+0.00003887,0.0.902-1734697362-686097877,ETHEREUMTRANSACTION
12/20/2024,0.0.902,,-0.00040319,0.0.902-1734698077-129438463,ETHEREUMTRANSACTION
12/20/2024,0.0.5171756,,-0.01804754,0.0.902-1734698077-129438463,ETHEREUMTRANSACTION
12/20/2024,,0.0.9,+0.00001445,0.0.902-1734698077-129438463,ETHEREUMTRANSACTION
12/20/2024,,0.0.98,+0.01835854,0.0.902-1734698077-129438463,ETHEREUMTRANSACTION
12/20/2024,,0.0.800,+0.00003887,0.0.902-1734698077-129438463,ETHEREUMTRANSACTION
12/20/2024,,0.0.801,+0.00003887,0.0.902-1734698077-129438463,ETHEREUMTRANSACTION
12/20/2024,0.0.902,,-0.00040976,0.0.902-1734698121-720008768,ETHEREUMTRANSACTION
12/20/2024,0.0.5171756,,-0.03363518,0.0.902-1734698121-720008768,ETHEREUMTRANSACTION
12/20/2024,,0.0.3,+0.00001484,0.0.902-1734698121-720008768,ETHEREUMTRANSACTION
12/20/2024,,0.0.98,+0.03395112,0.0.902-1734698121-720008768,ETHEREUMTRANSACTION
12/20/2024,,0.0.800,+0.00003949,0.0.902-1734698121-720008768,ETHEREUMTRANSACTION
12/20/2024,,0.0.801,+0.00003949,0.0.902-1734698121-720008768,ETHEREUMTRANSACTION
12/20/2024,0.0.902,,-0.00040319,0.0.902-1734698367-958126996,ETHEREUMTRANSACTION
12/20/2024,0.0.5171756,,-0.01804754,0.0.902-1734698367-958126996,ETHEREUMTRANSACTION
12/20/2024,,0.0.6,+0.00001445,0.0.902-1734698367-958126996,ETHEREUMTRANSACTION
12/20/2024,,0.0.98,+0.01835854,0.0.902-1734698367-958126996,ETHEREUMTRANSACTION
12/20/2024,,0.0.800,+0.00003887,0.0.902-1734698367-958126996,ETHEREUMTRANSACTION
12/20/2024,,0.0.801,+0.00003887,0.0.902-1734698367-958126996,ETHEREUMTRANSACTION
12/20/2024,0.0.902,,-0.00040976,0.0.902-1734698593-281099985,ETHEREUMTRANSACTION
12/20/2024,0.0.5171756,,-0.03363518,0.0.902-1734698593-281099985,ETHEREUMTRANSACTION
12/20/2024,,0.0.4,+0.00001484,0.0.902-1734698593-281099985,ETHEREUMTRANSACTION
12/20/2024,,0.0.98,+0.03395112,0.0.902-1734698593-281099985,ETHEREUMTRANSACTION
12/20/2024,,0.0.800,+0.00003949,0.0.902-1734698593-281099985,ETHEREUMTRANSACTION
12/20/2024,,0.0.801,+0.00003949,0.0.902-1734698593-281099985,ETHEREUMTRANSACTION
12/20/2024,0.0.902,,-0.00040104,0.0.902-1734698600-288041969,ETHEREUMTRANSACTION
12/20/2024,0.0.5171756,,-0.00908276,0.0.902-1734698600-288041969,ETHEREUMTRANSACTION
12/20/2024,,0.0.7,+0.00001432,0.0.902-1734698600-288041969,ETHEREUMTRANSACTION
12/20/2024,,0.0.98,+0.00939214,0.0.902-1734698600-288041969,ETHEREUMTRANSACTION
12/20/2024,,0.0.800,+0.00003867,0.0.902-1734698600-288041969,ETHEREUMTRANSACTION
12/20/2024,,0.0.801,+0.00003867,0.0.902-1734698600-288041969,ETHEREUMTRANSACTION
12/20/2024,0.0.902,,-0.00040319,0.0.902-1734698681-428868808,ETHEREUMTRANSACTION
12/20/2024,0.0.5171756,,-0.01333990,0.0.902-1734698681-428868808,ETHEREUMTRANSACTION
12/20/2024,,0.0.7,+0.00001445,0.0.902-1734698681-428868808,ETHEREUMTRANSACTION
12/20/2024,,0.0.98,+0.01365090,0.0.902-1734698681-428868808,ETHEREUMTRANSACTION
12/20/2024,,0.0.800,+0.00003887,0.0.902-1734698681-428868808,ETHEREUMTRANSACTION
12/20/2024,,0.0.801,+0.00003887,0.0.902-1734698681-428868808,ETHEREUMTRANSACTION
12/20/2024,0.0.902,,-0.00040540,0.0.902-1734698746-791294815,ETHEREUMTRANSACTION
12/20/2024,0.0.5171756,,-0.03225546,0.0.902-1734698746-791294815,ETHEREUMTRANSACTION
12/20/2024,,0.0.7,+0.00001458,0.0.902-1734698746-791294815,ETHEREUMTRANSACTION
12/20/2024,,0.0.98,+0.03256812,0.0.902-1734698746-791294815,ETHEREUMTRANSACTION
12/20/2024,,0.0.800,+0.00003908,0.0.902-1734698746-791294815,ETHEREUMTRANSACTION
12/20/2024,,0.0.801,+0.00003908,0.0.902-1734698746-791294815,ETHEREUMTRANSACTION
12/20/2024,0.0.902,,-0.00040104,0.0.902-1734698766-980103224,ETHEREUMTRANSACTION
12/20/2024,0.0.5171756,,-0.01135362,0.0.902-1734698766-980103224,ETHEREUMTRANSACTION
12/20/2024,,0.0.6,+0.00001432,0.0.902-1734698766-980103224,ETHEREUMTRANSACTION
12/20/2024,,0.0.98,+0.01166300,0.0.902-1734698766-980103224,ETHEREUMTRANSACTION
12/20/2024,,0.0.800,+0.00003867,0.0.902-1734698766-980103224,ETHEREUMTRANSACTION
12/20/2024,,0.0.801,+0.00003867,0.0.902-1734698766-980103224,ETHEREUMTRANSACTION
12/20/2024,0.0.902,,-0.00040104,0.0.902-1734698781-940228905,ETHEREUMTRANSACTION
12/20/2024,0.0.5171756,,-0.00883660,0.0.902-1734698781-940228905,ETHEREUMTRANSACTION
12/20/2024,,0.0.3,+0.00001432,0.0.902-1734698781-940228905,ETHEREUMTRANSACTION
12/20/2024,,0.0.98,+0.00914598,0.0.902-1734698781-940228905,ETHEREUMTRANSACTION
12/20/2024,,0.0.800,+0.00003867,0.0.902-1734698781-940228905,ETHEREUMTRANSACTION
12/20/2024,,0.0.801,+0.00003867,0.0.902-1734698781-940228905,ETHEREUMTRANSACTION
12/20/2024,0.0.902,,-0.00040104,0.0.902-1734698800-102379295,ETHEREUMTRANSACTION
12/20/2024,0.0.5171756,,-0.00883660,0.0.902-1734698800-102379295,ETHEREUMTRANSACTION
12/20/2024,,0.0.9,+0.00001432,0.0.902-1734698800-102379295,ETHEREUMTRANSACTION
12/20/2024,,0.0.98,+0.00914598,0.0.902-1734698800-102379295,ETHEREUMTRANSACTION
12/20/2024,,0.0.800,+0.00003867,0.0.902-1734698800-102379295,ETHEREUMTRANSACTION
12/20/2024,,0.0.801,+0.00003867,0.0.902-1734698800-102379295,ETHEREUMTRANSACTION
12/20/2024,0.0.902,,-0.00041190,0.0.902-1734698813-784027729,ETHEREUMTRANSACTION
12/20/2024,0.0.5171756,,-0.02695078,0.0.902-1734698813-784027729,ETHEREUMTRANSACTION
12/20/2024,,0.0.3,+0.00001496,0.0.902-1734698813-784027729,ETHEREUMTRANSACTION
12/20/2024,,0.0.98,+0.02726834,0.0.902-1734698813-784027729,ETHEREUMTRANSACTION
12/20/2024,,0.0.800,+0.00003969,0.0.902-1734698813-784027729,ETHEREUMTRANSACTION
12/20/2024,,0.0.801,+0.00003969,0.0.902-1734698813-784027729,ETHEREUMTRANSACTION
12/20/2024,0.0.902,,-0.00040534,0.0.902-1734698853-705246358,ETHEREUMTRANSACTION
12/20/2024,0.0.5171756,,-0.01672154,0.0.902-1734698853-705246358,ETHEREUMTRANSACTION
12/20/2024,,0.0.6,+0.00001458,0.0.902-1734698853-705246358,ETHEREUMTRANSACTION
12/20/2024,,0.0.98,+0.01703416,0.0.902-1734698853-705246358,ETHEREUMTRANSACTION
12/20/2024,,0.0.800,+0.00003907,0.0.902-1734698853-705246358,ETHEREUMTRANSACTION
12/20/2024,,0.0.801,+0.00003907,0.0.902-1734698853-705246358,ETHEREUMTRANSACTION